id,birth_date,phone_num,identity
1,06/11/1954,+34 888524199,F
2,13/06/1970,+34 926972247,F
3,27/04/2005,+34 722807478,F
4,05/03/2001,+34 844711757,M
5,06/07/1965,+34 922017844,M
6,02/01/1964,+34 987509997,M
7,02/07/1989,+34 885638919,F
8,05/07/1999,+34 822666210,F
9,06/11/1969,+34 849199691,M
10,08/12/1980,+34 821972154,M
11,31/12/1966,+34 653581204,M
12,12/10/1966,+34 922447629,F
13,31/10/1951,+34 961947728,M
14,24/11/1986,+34 926601716,M
15,05/10/2003,+34 872126450,F
16,01/12/1990,+34 976512900,M
17,22/06/1969,+34 984669321,M
18,02/07/1979,+34 806004984,F
19,18/07/1957,+34 871395907,M
20,10/01/1992,+34 987723023,M
21,19/04/2002,+34 878860030,M
22,14/01/1994,+34 976019359,M
23,10/06/1983,+34 982933079,M
24,15/04/1985,+34 872302855,F
25,18/11/1993,+34 985014238,M
26,19/09/1992,+34 988956669,F
27,06/01/1999,+34 920688698,F
28,05/09/1981,+34 828138204,F
29,17/07/1990,+34 943398718,F
30,04/08/1962,+34 887620040,M
31,22/02/2000,+34 806358635,M
32,07/05/1954,+34 820816227,F
33,24/08/1955,+34 845222178,F
34,03/02/2007,+34 878119791,F
35,27/04/1958,+34 941669120,F
36,25/06/1979,+34 987187353,M
37,10/06/1977,+34 933671424,F
38,27/04/1970,+34 885120316,F
39,09/05/2005,+34 979580121,F
40,25/06/1984,+34 901902305,M
41,13/06/1980,+34 933623102,F
42,18/06/1980,+34 821755791,F
43,28/05/1976,+34 821237112,F
44,06/06/1995,+34 933464888,F
45,03/07/1953,+34 737367842,M
46,28/02/1981,+34 803323489,M
47,18/08/1984,+34 803474445,F
48,10/03/1964,+34 849993461,M
49,30/04/1992,+34 978909057,F
50,11/10/1979,+34 987560484,F
51,10/12/1951,+34 747272710,F
52,18/08/1965,+34 803746016,M
53,29/05/1996,+34 884344395,M
54,20/02/1973,+34 943334112,F
55,30/01/1952,+34 871342533,F
56,01/02/1999,+34 886869407,M
57,26/10/1954,+34 902293461,M
58,14/08/1980,+34 960682835,F
59,24/03/1988,+34 849786715,F
60,28/03/1988,+34 806655523,M
61,17/12/1994,+34 727762426,F
62,12/03/2005,+34 922373176,M
63,13/01/1965,+34 901069243,M
64,03/06/1965,+34 871861390,M
65,05/08/1967,+34 924968342,F
66,25/10/1979,+34 924554338,M
67,12/04/1990,+34 979501369,M
68,15/07/1964,+34 947349577,F
69,22/12/1968,+34 879499128,F
70,16/06/1984,+34 880016210,F
71,17/03/1963,+34 842329163,F
72,19/08/1960,+34 887201706,M
73,29/08/1953,+34 848930781,M
74,07/08/2002,+34 873927429,F
75,20/12/1983,+34 826558551,F
76,30/05/1969,+34 925228626,F
77,21/07/1971,+34 820988934,M
78,13/06/1951,+34 880130081,F
79,29/05/1974,+34 975924932,M
80,12/08/1989,+34 878716039,F
81,23/04/1994,+34 883583255,F
82,27/07/1959,+34 825335753,F
83,13/12/1999,+34 877366408,M
84,26/09/1988,+34 946909183,F
85,24/07/1986,+34 948121874,M
86,28/09/2002,+34 843451579,F
87,03/01/1978,+34 941997122,M
88,20/04/1971,+34 884946808,M
89,23/07/1964,+34 871759738,M
90,11/03/1992,+34 983958173,M
91,09/03/1954,+34 828188400,F
92,22/04/1951,+34 946166195,M
93,13/04/1975,+34 976226074,M
94,03/11/2006,+34 848145680,M
95,05/12/1950,+34 974692932,M
96,21/10/1963,+34 980913456,M
97,05/07/1983,+34 985823530,M
98,05/11/2006,+34 707643478,M
99,11/10/1959,+34 944179063,F
100,06/04/2006,+34 977848031,F
101,21/10/1955,+34 983749373,M
102,15/10/1987,+34 875337082,M
103,03/05/1949,+34 988242826,M
104,08/05/1958,+34 977373303,M
105,27/05/1985,+34 887339833,F
106,05/03/2005,+34 729194535,F
107,05/01/1993,+34 823930851,F
108,28/08/1986,+34 821396714,F
109,29/10/1978,+34 985253888,F
110,14/06/2004,+34 813523498,F
111,17/06/1950,+34 846636734,F
112,23/01/1994,+34 983601104,M
113,05/06/1978,+34 863559560,F
114,29/12/1950,+34 885841608,M
115,01/10/1997,+34 943943671,F
116,10/07/1983,+34 942445058,F
117,07/03/1972,+34 724234294,M
118,15/11/1993,+34 987678922,M
119,25/07/1958,+34 852658608,M
120,19/12/1959,+34 928104887,F
121,26/10/2001,+34 953910630,F
122,07/10/1973,+34 900281468,F
123,10/02/1967,+34 886902213,M
124,01/12/2005,+34 973023301,M
125,02/09/2006,+34 845349751,F
126,03/09/2001,+34 826710128,F
127,22/11/1965,+34 987523400,F
128,12/02/1975,+34 920808927,F
129,19/07/1968,+34 844066629,M
130,17/11/1980,+34 803651292,F
131,12/11/1975,+34 901709499,F
132,03/01/1987,+34 974969974,M
133,01/03/2002,+34 985409574,M
134,29/10/1996,+34 851564260,M
135,04/11/1952,+34 746206965,M
136,27/02/1966,+34 984474934,M
137,31/10/1992,+34 883193136,F
138,04/06/2002,+34 806837174,M
139,15/01/1983,+34 946997242,F
140,16/02/1990,+34 826910366,F
141,24/10/1997,+34 942675321,M
142,05/07/1949,+34 986409580,F
143,06/11/1968,+34 921696740,M
144,15/03/1971,+34 919419159,F
145,16/05/2004,+34 918713815,F
146,07/12/1998,+34 824441272,F
147,10/07/1991,+34 845889301,M
148,01/12/1997,+34 847109842,M
149,02/07/1985,+34 922827721,M
150,12/02/1978,+34 727629526,M
151,01/08/2002,+34 948809182,M
152,11/04/1958,+34 967321075,M
153,16/05/1991,+34 972512983,F
154,08/01/2001,+34 982087912,M
155,12/05/1974,+34 986956348,M
156,09/09/1975,+34 982150880,M
157,09/05/1975,+34 807660369,M
158,29/04/1983,+34 826067537,M
159,23/03/1954,+34 900884236,F
160,26/08/1960,+34 859626076,F
161,25/05/2004,+34 884838368,F
162,21/01/1967,+34 876912678,F
163,07/03/1999,+34 984606266,F
164,19/04/2002,+34 977889205,M
165,23/01/2006,+34 947722449,M
166,18/04/1996,+34 957862481,F
167,04/09/1971,+34 883375448,F
168,11/01/1986,+34 872470501,F
169,13/07/2003,+34 942838928,M
170,27/10/1973,+34 878251504,M
171,09/10/1963,+34 842448837,F
172,31/12/1963,+34 946535101,F
173,15/10/1968,+34 978132721,F
174,26/07/1950,+34 902844919,M
175,26/01/1992,+34 833037136,F
176,09/06/1991,+34 812709041,F
177,30/04/1992,+34 948938713,M
178,09/09/1967,+34 917600205,M
179,13/08/1950,+34 885575671,M
180,13/04/1967,+34 881294860,F
181,29/09/1983,+34 873501720,F
182,04/07/1952,+34 846815522,M
183,31/03/1974,+34 928893496,F
184,24/08/1993,+34 832352507,M
185,12/03/2002,+34 884143944,F
186,20/03/1950,+34 981714715,M
187,10/11/1952,+34 871317820,F
188,14/09/1954,+34 933750854,M
189,23/05/1956,+34 947191092,M
190,10/06/1981,+34 926135617,F
191,12/06/1950,+34 901730454,M
192,14/12/1992,+34 928555887,M
193,26/10/1983,+34 873301790,M
194,07/06/1999,+34 821424550,M
195,22/07/1993,+34 842052765,M
196,25/09/1962,+34 971835266,F
197,12/07/1977,+34 875440346,F
198,02/06/2005,+34 900470976,F
199,01/07/1979,+34 822604679,M
200,12/01/2006,+34 988915065,F
201,20/05/1977,+34 877950539,F
202,15/08/1997,+34 877256250,F
203,12/09/2003,+34 822668423,F
204,03/12/1979,+34 985317725,F
205,11/11/1967,+34 886825746,F
206,24/12/1998,+34 855612474,F
207,10/05/2006,+34 946658405,F
208,03/06/1961,+34 978048924,M
209,19/10/2001,+34 712342591,F
210,06/09/1969,+34 942417222,M
211,12/01/1956,+34 820450281,F
212,19/07/1951,+34 824198431,M
213,09/01/1966,+34 976199673,M
214,14/01/1964,+34 948321144,F
215,06/11/1988,+34 813611924,M
216,10/09/1961,+34 872159363,M
217,10/09/1962,+34 810571406,F
218,13/02/1959,+34 842946271,F
219,15/09/2005,+34 879945446,M
220,12/02/1950,+34 902428623,F
221,16/10/1972,+34 879906817,M
222,01/04/1958,+34 973033256,F
223,13/03/1965,+34 873398650,M
224,07/05/1966,+34 987867097,M
225,16/05/1984,+34 922726249,M
226,02/04/1994,+34 745131513,F
227,06/07/1954,+34 871481001,F
228,23/01/2005,+34 941819683,F
229,03/01/2004,+34 924747178,M
230,13/03/1984,+34 924746358,F
231,19/03/1992,+34 971994988,F
232,20/05/1988,+34 946694029,F
233,26/10/2001,+34 944908362,F
234,06/07/1997,+34 828570854,M
235,25/12/1981,+34 948944872,F
236,22/02/1978,+34 601022229,M
237,28/01/1991,+34 845663501,M
238,19/02/1986,+34 839103508,F
239,19/09/1984,+34 976153683,F
240,28/05/1970,+34 942114638,M
241,26/09/1967,+34 902230595,M
242,07/05/1993,+34 927565752,M
243,25/01/1994,+34 886612687,F
244,10/12/1996,+34 986800833,M
245,08/04/1968,+34 872464187,F
246,22/08/1992,+34 882462361,F
247,22/03/2004,+34 979772054,F
248,24/06/1996,+34 978628221,M
249,05/08/1950,+34 918643782,M
250,13/04/1975,+34 842598715,M
251,21/04/1957,+34 828867289,F
252,01/07/1956,+34 963838151,M
253,10/02/1950,+34 948991833,M
254,30/07/2001,+34 705553373,M
255,17/08/1973,+34 978143243,M
256,29/07/1983,+34 842707850,M
257,18/01/1979,+34 827574560,F
258,04/06/1979,+34 921960992,M
259,03/07/1967,+34 803873489,F
260,14/04/2000,+34 877305688,F
261,05/10/2002,+34 923760145,F
262,17/11/1996,+34 825078991,M
263,26/04/1955,+34 988277755,F
264,13/11/1949,+34 981808937,M
265,26/08/1969,+34 849887297,F
266,22/07/1976,+34 886896187,F
267,07/12/1980,+34 871686944,F
268,15/06/1961,+34 842285157,F
269,22/01/1968,+34 876809184,M
270,07/01/2000,+34 806266142,F
271,15/03/2005,+34 880909425,F
272,09/07/1997,+34 942002501,F
273,14/07/1954,+34 844800534,F
274,10/07/1978,+34 927308851,F
275,16/05/1980,+34 978731076,F
276,16/11/1964,+34 845822661,M
277,24/05/1955,+34 880193205,F
278,01/01/1988,+34 823835812,F
279,19/11/1952,+34 875686254,F
280,31/10/1964,+34 942020726,M
281,05/06/1999,+34 849085643,M
282,31/01/1998,+34 883739526,M
283,28/08/1985,+34 883218813,F
284,22/03/1967,+34 827713738,M
285,20/09/1955,+34 925518164,F
286,22/02/1986,+34 877592409,M
287,27/08/2004,+34 984103786,M
288,30/07/1965,+34 848472188,M
289,11/07/1971,+34 982043748,F
290,03/03/1971,+34 983510699,M
291,28/12/1955,+34 945831464,F
292,30/04/1954,+34 875323779,M
293,08/12/1964,+34 842672699,M
294,06/08/1950,+34 823087700,F
295,18/09/1951,+34 721663701,F
296,01/03/1997,+34 986048730,F
297,20/01/1980,+34 887875641,M
298,09/09/1967,+34 877039457,F
299,21/02/1970,+34 977502950,F
300,16/04/1993,+34 884672070,M
301,22/04/2001,+34 848801502,F
302,25/08/1967,+34 978407258,M
303,01/07/1997,+34 984594942,F
304,04/04/1968,+34 877533716,M
305,04/01/1999,+34 877267494,F
306,13/02/1992,+34 846149379,M
307,08/06/2003,+34 967354265,F
308,06/04/1972,+34 883425382,M
309,18/09/1960,+34 920661767,F
310,06/12/1987,+34 973015097,M
311,22/07/1997,+34 716925314,F
312,09/07/2003,+34 988170351,M
313,20/05/1980,+34 922797821,M
314,16/08/2000,+34 976563235,F
315,21/08/1973,+34 983999772,F
316,29/12/1979,+34 984690866,F
317,13/09/1975,+34 880053715,F
318,24/05/1959,+34 902772245,M
319,02/09/1981,+34 902864660,F
320,17/11/1959,+34 806430784,F
321,01/10/1970,+34 888721227,M
322,06/01/1995,+34 884303248,M
323,16/11/2002,+34 946707207,F
324,20/06/1983,+34 880848896,M
325,03/08/1976,+34 800056207,F
326,16/04/1994,+34 749611824,M
327,16/12/1970,+34 986956277,M
328,11/05/1963,+34 820271154,M
329,24/07/1965,+34 901868199,M
330,19/05/1977,+34 839922323,M
331,10/07/1998,+34 714269542,M
332,28/03/1950,+34 974118055,M
333,27/07/1966,+34 828390389,F
334,09/10/1954,+34 878344371,F
335,06/01/1990,+34 825846458,F
336,04/07/1998,+34 936568022,M
337,09/07/1974,+34 807378260,F
338,18/11/1957,+34 946475594,F
339,10/04/1971,+34 979530362,F
340,17/06/2004,+34 884342554,F
341,15/04/1955,+34 822323149,F
342,21/03/1995,+34 980802276,M
343,28/02/1960,+34 827458560,M
344,08/03/1993,+34 942968229,M
345,08/01/2006,+34 986837372,M
346,09/10/1975,+34 847678407,F
347,28/01/1994,+34 807491507,M
348,14/02/2007,+34 976268932,F
349,26/04/2003,+34 821114321,F
350,14/08/1979,+34 927126747,M
351,09/01/1972,+34 803216037,F
352,02/07/1976,+34 847352606,F
353,15/08/1957,+34 881185559,F
354,15/03/2007,+34 982876479,F
355,02/04/1989,+34 941073845,F
356,29/07/1965,+34 949292393,M
357,23/03/2001,+34 744538813,M
358,20/08/1972,+34 875239588,F
359,20/12/1956,+34 633101593,F
360,15/10/1976,+34 972313753,M
361,24/11/1971,+34 845852116,M
362,07/09/1954,+34 944748041,M
363,17/06/1974,+34 882710633,F
364,10/11/1976,+34 887996375,M
365,15/09/1951,+34 921939660,F
366,10/10/1955,+34 846634462,F
367,17/01/1963,+34 962902601,M
368,10/07/1992,+34 917892083,F
369,04/10/1984,+34 715961411,M
370,21/11/1982,+34 806687715,M
371,17/11/1965,+34 744910971,F
372,14/01/1984,+34 984386242,F
373,29/06/2004,+34 877105617,F
374,15/03/2002,+34 847214222,F
375,24/09/1974,+34 879083228,M
376,17/04/1963,+34 971232683,F
377,03/10/1969,+34 925418931,M
378,12/08/1994,+34 800192791,M
379,16/03/1981,+34 928203379,F
380,13/04/1963,+34 873906991,M
381,28/08/1966,+34 851789113,F
382,11/04/1989,+34 927490637,F
383,14/04/1972,+34 964422772,M
384,03/06/1965,+34 848072479,M
385,10/01/1963,+34 983788168,M
386,03/04/1979,+34 975224610,M
387,19/02/1972,+34 803101416,F
388,29/04/1991,+34 986585048,M
389,04/08/1977,+34 879330422,F
390,24/11/1966,+34 947392365,M
391,17/11/1963,+34 954047707,F
392,15/04/1964,+34 823517769,F
393,21/05/1975,+34 983733857,F
394,01/12/1958,+34 946882497,F
395,18/11/1997,+34 888079978,F
396,03/12/1985,+34 975549096,M
397,19/07/1978,+34 877140868,F
398,21/07/2004,+34 821507397,M
399,20/05/1969,+34 924074795,M
400,04/02/1965,+34 821155986,M
401,07/03/1956,+34 883111277,F
402,10/12/1960,+34 825419263,M
403,14/07/1959,+34 819075547,M
404,24/12/1976,+34 878460841,M
405,10/12/1988,+34 842030206,M
406,09/03/1957,+34 820517462,F
407,19/03/1972,+34 957050760,F
408,27/11/1987,+34 828201739,M
409,16/01/1991,+34 824515439,M
410,19/08/1974,+34 900558901,F
411,13/12/1954,+34 806677800,F
412,06/03/1952,+34 807539929,M
413,06/11/1962,+34 863835490,F
414,11/07/1954,+34 925819687,F
415,28/03/1955,+34 945459288,F
416,12/03/1966,+34 882410744,M
417,15/07/1995,+34 981718852,M
418,10/06/1956,+34 704101553,M
419,16/04/1977,+34 745999234,F
420,23/06/2003,+34 979873755,M
421,26/12/1966,+34 924690810,F
422,26/02/2004,+34 821171578,F
423,22/08/1991,+34 900664376,F
424,16/02/1996,+34 975569020,M
425,08/02/1963,+34 980604425,M
426,03/09/1996,+34 987523575,M
427,02/04/1967,+34 875643938,F
428,10/12/2000,+34 873764751,M
429,18/09/1993,+34 820973912,F
430,07/07/1968,+34 871048923,F
431,24/02/1986,+34 943460086,F
432,22/04/1995,+34 821378856,F
433,19/10/2000,+34 945976288,F
434,23/11/1989,+34 715322786,M
435,13/02/1955,+34 887536070,F
436,17/03/1980,+34 685243468,F
437,11/04/1965,+34 984139561,M
438,28/05/1962,+34 816023587,M
439,05/11/2003,+34 884843539,M
440,18/11/1965,+34 923877527,F
441,24/06/1987,+34 980422541,F
442,24/12/1988,+34 979814497,M
443,08/11/1954,+34 701500770,F
444,28/10/1958,+34 865897971,M
445,16/05/1980,+34 846568606,F
446,29/08/1977,+34 828030227,F
447,22/01/1981,+34 928215922,F
448,23/08/1950,+34 846806280,M
449,11/05/1981,+34 883939248,M
450,08/02/1963,+34 901735764,F
451,11/02/1968,+34 988774125,F
452,25/05/2004,+34 987395376,M
453,02/08/2001,+34 876723424,F
454,03/02/1972,+34 973425770,M
455,17/09/1982,+34 976895904,F
456,30/04/1985,+34 824921953,M
457,11/08/1958,+34 854002146,M
458,09/06/1973,+34 943460830,M
459,23/04/1993,+34 741496796,M
460,25/12/1986,+34 902547623,M
461,16/10/1996,+34 964891520,M
462,06/12/1961,+34 987817618,F
463,24/10/1968,+34 828428008,F
464,21/11/1957,+34 828085787,M
465,09/01/1968,+34 737262591,M
466,01/08/1978,+34 836107762,F
467,01/08/1958,+34 877970030,M
468,16/10/1994,+34 872907659,M
469,28/12/1972,+34 880738742,M
470,30/04/1973,+34 947815073,M
471,13/12/1974,+34 917661616,M
472,09/06/1955,+34 821353172,F
473,28/07/1999,+34 872320666,F
474,06/12/1969,+34 988379648,F
475,12/12/1996,+34 910695225,M
476,28/09/1949,+34 925991327,F
477,15/10/1950,+34 983816355,M
478,31/10/2004,+34 974302761,F
479,24/07/1970,+34 853833976,M
480,01/05/1982,+34 948823298,F
481,23/10/2002,+34 741044826,F
482,05/11/1958,+34 803802652,F
483,30/09/1994,+34 881617156,M
484,30/11/1979,+34 841991312,F
485,11/12/1954,+34 741787907,F
486,08/08/1959,+34 920421830,F
487,22/10/1962,+34 986968559,M
488,22/07/2003,+34 881826822,F
489,13/08/1954,+34 928592873,M
490,29/04/1988,+34 847953836,M
491,17/07/1998,+34 845690427,F
492,11/07/1963,+34 877526476,F
493,26/02/2003,+34 822700659,F
494,04/04/1998,+34 800910351,M
495,19/07/1974,+34 972908929,M
496,04/10/1984,+34 900678173,M
497,25/11/1987,+34 942408306,F
498,30/08/2001,+34 919242059,M
499,20/08/1975,+34 718536837,M
500,07/01/1954,+34 824123694,M
501,15/01/1972,+34 981524201,M
502,26/02/1971,+34 873408089,F
503,19/04/1962,+34 824993161,F
504,15/11/1961,+34 848063040,F
505,20/10/1987,+34 844478232,F
506,06/06/1982,+34 826877078,F
507,13/04/1984,+34 800629800,M
508,06/11/1984,+34 806859129,F
509,06/12/2003,+34 828214674,M
510,27/07/1960,+34 859528423,M
511,20/01/2001,+34 975207115,F
512,14/04/1962,+34 978544427,M
513,27/05/2001,+34 806765261,M
514,30/05/1996,+34 825944314,M
515,21/04/1984,+34 803929018,F
516,24/01/1951,+34 698035743,M
517,24/04/1993,+34 942805747,M
518,25/11/1967,+34 806097728,F
519,27/02/1958,+34 941509402,M
520,06/10/1992,+34 828162769,M
521,28/03/1983,+34 986980617,F
522,14/08/2002,+34 879512787,F
523,23/08/1975,+34 982270180,F
524,31/08/1951,+34 821793453,F
525,11/04/1998,+34 883766162,F
526,16/05/1978,+34 806309361,M
527,15/09/1953,+34 924187133,M
528,10/12/1988,+34 979447711,M
529,21/04/1983,+34 828805909,F
530,03/04/1959,+34 710357610,M
531,30/10/1965,+34 937181133,M
532,27/08/1952,+34 748194772,M
533,03/02/1952,+34 925699755,M
534,28/01/1967,+34 826789635,F
535,07/03/1991,+34 977690430,M
536,17/08/1988,+34 945205771,M
537,11/05/1970,+34 657949933,M
538,29/03/1966,+34 871108772,M
539,15/10/1998,+34 876544410,F
540,09/04/1990,+34 942059926,M
541,23/02/1953,+34 977592995,F
542,02/10/1983,+34 901070178,F
543,19/07/1990,+34 941160940,M
544,06/11/1963,+34 942673088,F
545,10/08/1957,+34 800070558,M
546,07/02/1987,+34 927249228,M
547,28/02/1977,+34 975481956,F
548,03/02/1953,+34 944493780,M
549,05/07/1972,+34 902638482,F
550,21/11/2003,+34 827014916,F
551,07/11/1995,+34 855269360,M
552,03/10/1987,+34 988864279,F
553,05/01/1971,+34 884159378,F
554,23/10/1987,+34 961239374,M
555,21/07/1989,+34 922449112,F
556,08/07/1959,+34 880704771,M
557,14/02/1955,+34 800231679,F
558,09/01/1988,+34 880070606,M
559,26/12/1986,+34 884650456,F
560,02/09/1959,+34 983643106,F
561,07/12/1966,+34 901929980,F
562,09/02/1958,+34 803511893,M
563,13/04/1961,+34 876272487,M
564,12/01/1986,+34 978601098,F
565,09/11/2002,+34 874036355,M
566,29/10/1953,+34 928806881,F
567,22/02/1991,+34 988307638,M
568,27/07/1973,+34 807664310,M
569,13/03/1971,+34 841140990,M
570,25/08/1962,+34 968109765,F
571,02/01/1991,+34 985079559,F
572,10/01/2000,+34 888354238,M
573,14/08/1978,+34 943783440,M
574,22/09/1964,+34 886337625,F
575,03/03/1970,+34 715807490,F
576,08/12/1998,+34 803879671,F
577,08/03/1977,+34 981342720,M
578,18/08/1985,+34 723912708,M
579,26/04/1953,+34 971785209,F
580,07/01/1999,+34 885989984,F
581,09/08/1993,+34 878727211,F
582,18/03/1977,+34 876739819,M
583,17/03/1974,+34 876237532,F
584,09/04/2005,+34 888061836,F
585,19/12/1988,+34 884208477,F
586,25/12/1975,+34 700669265,M
587,02/09/1949,+34 987745684,M
588,14/04/1974,+34 826471731,F
589,21/12/1997,+34 807809265,M
590,06/01/1955,+34 842594066,F
591,22/10/1969,+34 845181117,M
592,19/11/2001,+34 828633054,F
593,04/01/2005,+34 920065845,M
594,25/02/1983,+34 977088920,M
595,23/01/1987,+34 926240379,M
596,21/04/1997,+34 902632425,M
597,08/05/1965,+34 884896772,F
598,04/10/1988,+34 923226512,M
599,18/09/1954,+34 881387022,M
600,26/05/1974,+34 982511508,F
601,10/04/1999,+34 946213703,M
602,29/07/1987,+34 871406767,F
603,02/06/1960,+34 822377413,F
604,20/02/1952,+34 717333352,F
605,05/06/1954,+34 942278959,M
606,15/04/1959,+34 847721273,M
607,27/05/1988,+34 939575607,F
608,11/02/2007,+34 882641191,M
609,11/03/1993,+34 902977390,M
610,12/11/1959,+34 847806870,M
611,11/11/1975,+34 972362006,M
612,22/09/1966,+34 900230278,M
613,07/06/1982,+34 973628542,F
614,24/03/1951,+34 885083027,F
615,21/01/1999,+34 948737533,F
616,13/07/2001,+34 828938256,M
617,01/11/1955,+34 964623496,M
618,22/06/1988,+34 938782987,F
619,19/03/1973,+34 965189919,M
620,02/01/1972,+34 983330740,M
621,12/03/1975,+34 976180393,M
622,29/03/2000,+34 842420408,F
623,19/05/1966,+34 884313415,F
624,09/06/1963,+34 827741568,F
625,30/07/1967,+34 948401357,M
626,28/05/1965,+34 883294045,M
627,20/02/2006,+34 985146378,M
628,19/10/1999,+34 977927094,M
629,26/01/1991,+34 902643275,F
630,01/01/1972,+34 877776628,F
631,17/01/1985,+34 900680262,F
632,20/03/1964,+34 813204844,F
633,28/05/1954,+34 920171055,M
634,21/12/2004,+34 985159205,M
635,10/11/1978,+34 849206307,M
636,01/04/1996,+34 848226366,M
637,15/11/1961,+34 902714391,F
638,09/03/1964,+34 833637684,M
639,29/03/1970,+34 986875471,F
640,25/04/1976,+34 941283135,M
641,22/11/1960,+34 803510246,F
642,09/07/1995,+34 901888739,F
643,27/02/2004,+34 823459247,F
644,07/04/1979,+34 876436734,F
645,26/07/1958,+34 976682785,M
646,30/08/1990,+34 988288569,F
647,04/01/1987,+34 882174685,F
648,30/12/1994,+34 644733363,M
649,09/08/1957,+34 943711297,M
650,07/12/1996,+34 842233073,M
651,21/12/1950,+34 876875582,F
652,07/04/1963,+34 982544700,M
653,27/01/1959,+34 982377321,F
654,17/12/2001,+34 943524988,M
655,17/01/1961,+34 980223484,M
656,14/12/1959,+34 851373938,F
657,10/05/1997,+34 800962664,M
658,22/11/1962,+34 700083897,M
659,28/04/1996,+34 927176868,F
660,26/01/1986,+34 920902323,F
661,22/04/1983,+34 821929832,F
662,07/02/1954,+34 822564522,M
663,30/10/1973,+34 822641602,F
664,28/12/1995,+34 841381269,F
665,10/12/1958,+34 981649608,M
666,09/08/1965,+34 900907648,M
667,23/04/1989,+34 987490064,M
668,23/10/1949,+34 887694345,F
669,20/01/2002,+34 949880600,F
670,17/12/1969,+34 928332901,M
671,27/05/1973,+34 902045367,F
672,05/07/1969,+34 887562491,M
673,26/11/1979,+34 982251961,F
674,14/04/1954,+34 882049251,F
675,18/07/1952,+34 976999181,M
676,14/11/1973,+34 876496716,M
677,29/11/1994,+34 954686207,M
678,29/01/1997,+34 842601436,F
679,07/03/1975,+34 841687138,M
680,30/10/1969,+34 945106059,M
681,22/06/1960,+34 988184038,M
682,08/07/2006,+34 613115605,F
683,29/02/1976,+34 880287214,M
684,13/07/2002,+34 985566086,F
685,10/02/1979,+34 667337274,F
686,14/05/1990,+34 988130433,M
687,25/11/1965,+34 984422584,M
688,28/07/2006,+34 887110509,M
689,18/04/1974,+34 851459471,F
690,16/02/1955,+34 635673948,M
691,16/12/2002,+34 982916830,F
692,11/12/2000,+34 945549528,M
693,25/01/1988,+34 828339244,M
694,31/12/1993,+34 723746585,M
695,02/02/1983,+34 984781216,F
696,21/01/1967,+34 978359631,M
697,20/08/1993,+34 984314577,M
698,04/01/1960,+34 927355398,F
699,19/11/1995,+34 946854958,F
700,30/07/1957,+34 942066297,F
701,12/02/1987,+34 884026723,M
702,30/12/1961,+34 822150038,M
703,25/06/1970,+34 838615815,M
704,24/05/1987,+34 875915264,F
705,06/06/1964,+34 924527086,F
706,31/01/1977,+34 849612690,F
707,15/08/1964,+34 971264318,M
708,25/04/1967,+34 925743648,M
709,07/08/1975,+34 827104972,F
710,06/12/1950,+34 886862944,M
711,25/05/1980,+34 868459434,M
712,27/08/1970,+34 921437629,M
713,25/09/1988,+34 923789237,F
714,27/08/1982,+34 964406910,M
715,08/07/1968,+34 820713470,M
716,13/08/1994,+34 874172250,M
717,12/02/1995,+34 844327602,M
718,11/01/1961,+34 842668236,M
719,01/12/1988,+34 925628071,F
720,11/08/1995,+34 985519851,F
721,26/03/1985,+34 845989983,M
722,13/10/1990,+34 807772361,M
723,26/10/1991,+34 800328787,F
724,01/08/1954,+34 980049729,M
725,03/10/2002,+34 876368176,M
726,30/05/1981,+34 972330546,F
727,21/04/1967,+34 849453100,F
728,17/01/1993,+34 879735085,F
729,23/02/1990,+34 884053085,M
730,11/11/1989,+34 971639316,M
731,10/01/2001,+34 806377836,M
732,26/09/1986,+34 849232189,M
733,15/04/1975,+34 924337780,F
734,02/01/2007,+34 871408707,F
735,11/10/1954,+34 715326200,M
736,14/04/1954,+34 902025877,F
737,30/03/1976,+34 873253683,F
738,28/11/1953,+34 923867080,F
739,18/01/1966,+34 878783974,F
740,21/01/1964,+34 900205319,F
741,21/09/1976,+34 875108722,F
742,03/02/1959,+34 879582049,M
743,04/09/1979,+34 616314485,F
744,15/11/1987,+34 885473267,M
745,09/03/1983,+34 806234706,F
746,11/10/1977,+34 984231355,F
747,07/03/1952,+34 971022411,M
748,23/04/1986,+34 872528261,M
749,13/02/2000,+34 915045635,M
750,23/07/1989,+34 828307665,M
751,24/08/1994,+34 902983259,M
752,07/09/1962,+34 985669650,F
753,26/04/1987,+34 944465680,F
754,06/10/1960,+34 825363059,M
755,01/06/1991,+34 979234460,F
756,12/04/2005,+34 973806559,M
757,13/10/1992,+34 847026357,M
758,16/02/1989,+34 854262586,M
759,01/09/1958,+34 887988937,F
760,17/01/1972,+34 977805244,M
761,25/09/1960,+34 920347595,F
762,17/10/1969,+34 877176591,F
763,18/08/1991,+34 950446927,M
764,11/08/1969,+34 824589251,F
765,24/02/1958,+34 927266017,M
766,03/07/1978,+34 875891621,F
767,14/01/1960,+34 982232100,M
768,11/06/1950,+34 880266225,F
769,06/08/1999,+34 844279914,F
770,10/03/1991,+34 946618789,M
771,30/08/2004,+34 945331820,M
772,18/06/2002,+34 876582249,F
773,14/01/1971,+34 948296879,M
774,12/06/1980,+34 921013531,F
775,13/07/1980,+34 821079555,M
776,03/11/1953,+34 841165364,M
777,07/08/1976,+34 884010480,F
778,07/06/1984,+34 956066442,F
779,22/11/1967,+34 928341358,F
780,22/11/1978,+34 987308347,M
781,17/10/1982,+34 945589154,M
782,11/12/1950,+34 873586333,F
783,07/06/1949,+34 917900673,F
784,29/11/2004,+34 976578999,M
785,15/02/1983,+34 946354553,F
786,15/03/1969,+34 871167524,F
787,24/09/2005,+34 977005833,F
788,27/06/1973,+34 710279639,F
789,17/02/1983,+34 845225228,F
790,21/12/1976,+34 843236501,F
791,19/09/1986,+34 946497222,M
792,14/04/1957,+34 979212470,M
793,26/06/1957,+34 853564276,M
794,28/12/1974,+34 948597664,F
795,02/05/1995,+34 845935609,F
796,15/06/2003,+34 926281653,M
797,12/09/1969,+34 821235859,M
798,26/11/1975,+34 946742004,M
799,06/05/2003,+34 807844585,F
800,01/04/1992,+34 873856606,F
801,25/02/1970,+34 986919003,F
802,26/08/2001,+34 943284217,F
803,06/01/1979,+34 821962248,F
804,09/07/1993,+34 887296516,F
805,28/02/1981,+34 925188945,F
806,28/12/2000,+34 847253923,F
807,11/10/1991,+34 988205347,M
808,14/07/1984,+34 976388945,F
809,01/07/1973,+34 827665443,M
810,23/05/1951,+34 937817025,M
811,01/07/1958,+34 825056336,F
812,10/09/1956,+34 985475032,M
813,26/04/1952,+34 887156567,M
814,20/01/1966,+34 803291718,M
815,29/05/1994,+34 986831069,M
816,03/07/2005,+34 740701397,F
817,05/10/1964,+34 941494418,M
818,19/06/1981,+34 966715965,F
819,16/06/1987,+34 845404544,M
820,14/01/2000,+34 886745080,F
821,14/04/1981,+34 923281746,M
822,29/11/2005,+34 973646502,M
823,09/07/1965,+34 914933602,F
824,13/08/1979,+34 844969242,M
825,06/12/1958,+34 981415459,M
826,24/10/1950,+34 846923843,M
827,23/10/1992,+34 821216714,M
828,25/05/1969,+34 807918050,F
829,13/11/1959,+34 874767774,M
830,27/11/1963,+34 926820082,M
831,08/04/1985,+34 734499382,F
832,17/02/1992,+34 977524330,F
833,02/01/1959,+34 888363017,F
834,19/04/2005,+34 923927474,M
835,18/11/1987,+34 878308531,F
836,24/06/1964,+34 927843909,M
837,14/08/1999,+34 943504112,M
838,31/01/1962,+34 888380051,M
839,12/02/1953,+34 883504909,M
840,15/06/1952,+34 803477487,F
841,03/04/1953,+34 823471586,M
842,17/08/1978,+34 978125758,F
843,11/06/1979,+34 828707982,M
844,28/06/1979,+34 841691813,M
845,09/02/1984,+34 842820737,F
846,02/05/1984,+34 807686407,F
847,09/05/1994,+34 827919124,M
848,18/09/1967,+34 948883011,F
849,28/04/1985,+34 947319741,M
850,12/11/1995,+34 881760569,F
851,12/07/1976,+34 880490417,M
852,30/05/1972,+34 901169607,M
853,01/01/1988,+34 933363947,F
854,10/02/1963,+34 729046233,M
855,29/04/1964,+34 725063663,F
856,26/03/1950,+34 988188541,M
857,04/04/1967,+34 974848554,M
858,28/06/1956,+34 901295155,M
859,09/11/1985,+34 975313368,M
860,05/09/1995,+34 824648312,F
861,27/03/1958,+34 985818477,M
862,29/01/1984,+34 941585363,M
863,13/12/1994,+34 985645724,M
864,27/01/1996,+34 807818282,F
865,17/06/1981,+34 924175667,F
866,30/10/1999,+34 975283193,M
867,17/05/1983,+34 922478948,M
868,30/12/1992,+34 921752369,F
869,10/02/1980,+34 877477894,F
870,02/12/1954,+34 979011221,M
871,07/08/1993,+34 824954598,F
872,14/04/1950,+34 967325502,F
873,10/01/1992,+34 880481300,F
874,09/07/1957,+34 803079925,M
875,12/03/1997,+34 838811292,M
876,22/08/1973,+34 910562777,M
877,08/09/1975,+34 960493492,M
878,31/07/1972,+34 975941546,M
879,11/01/1959,+34 947301020,F
880,03/02/1992,+34 973498787,M
881,29/03/1958,+34 983246752,F
882,28/10/1971,+34 925452416,F
883,11/02/2007,+34 986913125,F
884,21/05/1969,+34 926423812,M
885,01/11/1983,+34 944254828,F
886,02/12/1999,+34 873494999,F
887,23/05/1993,+34 982581951,F
888,04/03/2001,+34 833010349,M
889,08/05/2002,+34 902977307,F
890,19/05/1990,+34 921141975,M
891,01/09/1965,+34 647864455,M
892,12/08/1993,+34 879512044,F
893,04/07/1956,+34 887547659,F
894,15/09/1992,+34 884567645,F
895,13/03/1989,+34 824289954,M
896,14/09/2000,+34 800077922,F
897,06/04/1996,+34 882952848,F
898,29/07/1949,+34 841860867,M
899,17/09/1985,+34 872602305,M
900,05/05/1962,+34 871682530,F
901,11/02/1962,+34 824109370,F
902,10/05/1986,+34 851338379,M
903,16/08/1961,+34 826270126,F
904,14/02/1977,+34 900517030,M
905,14/09/1976,+34 875508372,M
906,17/11/1953,+34 711402023,M
907,12/12/1973,+34 803394480,M
908,03/11/1971,+34 882544766,F
909,27/07/1998,+34 987493168,M
910,07/03/2006,+34 746539903,M
911,27/09/1978,+34 980848924,M
912,08/01/1999,+34 847734100,M
913,14/03/1977,+34 878036157,M
914,23/11/1953,+34 845330419,M
915,29/11/1967,+34 624072839,F
916,10/11/1957,+34 882336201,F
917,23/12/1971,+34 800817661,F
918,15/12/1997,+34 986759262,F
919,26/03/1994,+34 887207492,M
920,20/07/1980,+34 949164637,F
921,05/12/2004,+34 735945159,M
922,22/04/1990,+34 803131811,F
923,16/09/1983,+34 945895766,M
924,01/02/1960,+34 881983836,M
925,25/10/1962,+34 927613716,M
926,09/01/1992,+34 962276064,M
927,12/09/1952,+34 944781446,M
928,04/09/2006,+34 960328440,F
929,20/06/1995,+34 986043835,M
930,07/04/1969,+34 981344210,F
931,27/01/1994,+34 978971872,M
932,29/03/1990,+34 807476418,F
933,04/02/1986,+34 721250472,M
934,31/08/1982,+34 881155388,M
935,15/06/1963,+34 971856672,M
936,14/05/1958,+34 852512367,M
937,10/08/1969,+34 621738675,F
938,15/03/2003,+34 973241997,F
939,14/08/1986,+34 874870740,F
940,19/08/1963,+34 984257842,M
941,06/01/1970,+34 949374986,F
942,29/05/1992,+34 973840373,M
943,02/07/1950,+34 944616963,F
944,14/06/1981,+34 826149720,F
945,05/03/1976,+34 926785492,F
946,27/02/1986,+34 946974160,F
947,14/04/1960,+34 975080297,F
948,25/09/1996,+34 806931701,F
949,24/04/1966,+34 949609503,F
950,26/03/1990,+34 742999345,F
951,03/01/1962,+34 971037511,M
952,17/06/1976,+34 885790518,F
953,01/04/1996,+34 885435010,F
954,29/08/1995,+34 980360369,F
955,19/03/1956,+34 987811422,M
956,29/01/1998,+34 881797546,M
957,24/10/1986,+34 973012523,M
958,15/02/1974,+34 854979402,M
959,23/03/1993,+34 888385383,M
960,04/02/1983,+34 886781788,F
961,04/08/1977,+34 845545115,M
962,07/02/1953,+34 702009336,F
963,29/01/1977,+34 985154701,F
964,23/12/1981,+34 745673020,M
965,08/01/1980,+34 977921604,M
966,04/09/1998,+34 833535494,F
967,24/04/1991,+34 971784909,M
968,04/07/1955,+34 825316315,M
969,23/02/1951,+34 887626741,M
970,02/03/1968,+34 821735690,F
971,10/11/1972,+34 972366672,M
972,29/09/1976,+34 877443671,M
973,19/11/1949,+34 882881409,M
974,02/03/1988,+34 959041801,F
975,05/11/1953,+34 975737725,F
976,15/09/1970,+34 976672063,F
977,24/03/1973,+34 981768057,M
978,23/03/1961,+34 923687696,F
979,15/05/1995,+34 983782898,M
980,30/12/1968,+34 828704651,M
981,23/09/1949,+34 883298603,F
982,15/09/1962,+34 822835807,M
983,12/03/1960,+34 927717786,M
984,08/01/1979,+34 981587106,F
985,21/01/1983,+34 943682171,M
986,23/12/1954,+34 878576855,F
987,10/03/2005,+34 944641519,M
988,08/03/1967,+34 800412677,F
989,02/12/1995,+34 926989088,F
990,14/03/2001,+34 874358658,M
991,14/10/1950,+34 950250176,M
992,13/08/1973,+34 612472400,M
993,28/05/1952,+34 800527536,M
994,23/12/1993,+34 955523938,F
995,03/03/1957,+34 948255465,M
996,12/11/1951,+34 948240208,F
997,03/08/1960,+34 943944526,M
998,21/10/1966,+34 827418541,M
999,15/07/1986,+34 942205424,F
1000,08/07/1990,+34 879577373,M
1001,16/11/1990,+34 901160917,M
1002,15/09/1996,+34 879444207,F
1003,27/09/1999,+34 964843966,M
1004,16/10/1993,+34 937431906,M
1005,28/04/1967,+34 975562982,M
1006,08/12/1974,+34 883315491,M
1007,16/02/1953,+34 926397930,F
1008,29/04/1958,+34 879879829,F
1009,26/04/1997,+34 981670201,F
1010,01/09/2003,+34 820353561,F
1011,28/02/1989,+34 806931394,M
1012,02/10/1960,+34 928404110,F
1013,08/06/1954,+34 923919694,F
1014,27/05/1982,+34 942953195,F
1015,04/12/1963,+34 969517405,M
1016,01/07/1964,+34 925155304,F
1017,07/05/2004,+34 825233442,M
1018,31/12/1980,+34 825704517,F
1019,03/03/1950,+34 943275039,F
1020,07/10/1976,+34 876697820,F
1021,13/09/1959,+34 824771392,M
1022,01/05/1992,+34 879752392,F
1023,24/03/1969,+34 922209406,M
1024,26/05/1975,+34 971572443,F
1025,21/09/1991,+34 945600602,M
1026,11/08/1976,+34 850577390,F
1027,13/05/1982,+34 849397722,F
1028,27/02/1995,+34 981513946,M
1029,23/10/1979,+34 973247791,F
1030,01/01/1957,+34 986605853,M
1031,14/12/1993,+34 871723246,M
1032,20/02/1981,+34 944692914,M
1033,15/10/1994,+34 977005967,M
1034,23/03/1995,+34 884633081,M
1035,30/04/1965,+34 883252280,M
1036,15/05/1981,+34 841469158,M
1037,04/10/2002,+34 847336947,M
1038,17/02/1997,+34 885407751,M
1039,10/03/2007,+34 943143885,M
1040,29/04/1993,+34 982625963,F
1041,23/02/1990,+34 823786811,M
1042,25/09/2000,+34 976086640,M
1043,24/12/1969,+34 727757962,M
1044,10/07/1959,+34 849760324,F
1045,16/07/1980,+34 943823197,F
1046,31/03/1984,+34 975923936,M
1047,01/04/1964,+34 884307001,M
1048,21/08/1955,+34 861502748,M
1049,02/02/1955,+34 927898562,F
1050,20/10/1951,+34 822634540,M
1051,28/11/1991,+34 947125018,F
1052,15/02/1953,+34 686956708,F
1053,18/06/1997,+34 937568169,M
1054,21/06/1986,+34 844889566,F
1055,27/06/1954,+34 823429241,F
1056,04/10/1974,+34 846718136,F
1057,14/05/1971,+34 807323498,F
1058,28/08/1969,+34 822450476,M
1059,10/03/1993,+34 958457371,F
1060,29/03/1995,+34 975057853,M
1061,01/09/1979,+34 946360340,M
1062,22/11/2006,+34 925249316,M
1063,13/04/1965,+34 944786591,M
1064,07/11/2006,+34 976458100,M
1065,21/07/1995,+34 813601046,M
1066,07/09/1966,+34 817122382,M
1067,09/08/1970,+34 984347761,M
1068,16/09/1969,+34 988461570,M
1069,05/09/1952,+34 847254420,M
1070,24/06/1987,+34 949384805,F
1071,21/07/1970,+34 731366110,M
1072,11/11/1974,+34 820818276,F
1073,14/10/1950,+34 885718169,F
1074,23/05/1999,+34 825216333,M
1075,29/01/1964,+34 822837747,M
1076,26/12/1959,+34 841236216,M
1077,02/08/2003,+34 874313316,M
1078,17/11/1970,+34 920881450,F
1079,30/07/1969,+34 979850564,M
1080,10/02/1957,+34 982082524,M
1081,22/10/1989,+34 975362739,F
1082,06/03/2004,+34 877131389,M
1083,28/05/1966,+34 879911539,M
1084,24/03/1965,+34 948790209,F
1085,03/01/1976,+34 843943394,M
1086,15/10/1982,+34 824694066,F
1087,16/12/1992,+34 972076811,F
1088,27/01/1964,+34 825025462,M
1089,11/12/2006,+34 944364049,F
1090,15/04/2004,+34 842580744,M
1091,20/03/2001,+34 884577313,F
1092,09/09/1989,+34 827041159,M
1093,01/11/1966,+34 873392794,F
1094,29/04/1998,+34 920224372,M
1095,02/06/2000,+34 823283580,F
1096,15/09/1997,+34 882514708,M
1097,06/02/1996,+34 848177177,M
1098,26/01/1995,+34 978055693,F
1099,25/12/1960,+34 944601589,M
1100,20/10/1990,+34 947204382,F
1101,29/06/1984,+34 877088651,M
1102,03/02/1987,+34 845184737,M
1103,14/11/1952,+34 973463958,M
1104,16/12/1982,+34 941219194,M
1105,12/10/2001,+34 821905882,F
1106,30/10/1958,+34 876203955,F
1107,15/01/1978,+34 923171646,M
1108,08/02/1983,+34 841139796,F
1109,22/07/2000,+34 876072645,M
1110,25/06/1996,+34 946704232,M
1111,14/05/1975,+34 823730176,M
1112,29/09/1981,+34 852800882,M
1113,06/08/1999,+34 957221180,M
1114,19/11/1993,+34 901928774,F
1115,31/07/1958,+34 942429350,M
1116,07/02/1965,+34 943337561,F
1117,14/02/1970,+34 901492733,F
1118,20/02/1994,+34 823921771,M
1119,03/03/1999,+34 729391188,M
1120,18/02/1996,+34 974182747,F
1121,16/06/2000,+34 852694171,M
1122,24/06/1980,+34 842993900,F
1123,09/11/2001,+34 938096381,F
1124,17/06/1960,+34 944695708,F
1125,16/12/2003,+34 926024754,F
1126,15/05/1994,+34 938522379,M
1127,02/08/1974,+34 945028624,F
1128,16/03/1988,+34 837486326,M
1129,07/03/1991,+34 902849025,F
1130,02/06/1991,+34 887381686,F
1131,08/04/2005,+34 987498028,F
1132,14/06/1964,+34 803031212,F
1133,19/07/1980,+34 923541263,F
1134,27/06/1951,+34 873721940,F
1135,20/07/1958,+34 882137954,M
1136,03/06/1955,+34 932437620,F
1137,29/01/1958,+34 986451556,F
1138,26/02/1954,+34 987391093,F
1139,14/04/2003,+34 821064044,M
1140,06/10/1967,+34 923648389,M
1141,12/10/1991,+34 823095810,F
1142,12/07/1956,+34 948424995,M
1143,21/04/1953,+34 924172289,F
1144,14/11/1952,+34 920478326,F
1145,25/11/1952,+34 921099564,M
1146,19/04/1950,+34 924874574,M
1147,01/11/1974,+34 883592514,F
1148,26/07/1960,+34 800431712,F
1149,24/11/1998,+34 841422665,M
1150,18/08/1978,+34 979095319,F
1151,04/12/2003,+34 900252337,M
1152,30/06/1966,+34 843746811,M
1153,28/06/1979,+34 862553075,M
1154,03/01/1978,+34 886361340,M
1155,06/06/1986,+34 706478389,M
1156,02/06/1993,+34 988381175,M
1157,23/01/1996,+34 942370769,M
1158,31/08/1986,+34 976073962,M
1159,09/03/1997,+34 886315787,F
1160,22/04/1969,+34 985217664,M
1161,30/10/1952,+34 921291021,M
1162,15/03/1995,+34 823612402,F
1163,18/03/1958,+34 901886274,F
1164,29/08/1971,+34 703463580,M
1165,10/10/1973,+34 708100020,M
1166,30/09/1977,+34 921593856,M
1167,17/02/1997,+34 821501482,M
1168,27/08/1961,+34 873251081,M
1169,05/05/1996,+34 848008259,F
1170,18/07/1950,+34 942656075,F
1171,07/06/1958,+34 983072576,F
1172,20/06/1994,+34 888371928,M
1173,24/04/1967,+34 733529950,M
1174,22/07/1971,+34 806017933,F
1175,17/06/1969,+34 845516116,M
1176,21/05/1987,+34 888753586,M
1177,17/01/1981,+34 825458891,M
1178,08/11/1974,+34 886752773,F
1179,25/11/1952,+34 822537899,F
1180,03/02/1998,+34 967559017,M
1181,21/10/1977,+34 844947627,F
1182,22/08/1983,+34 872620433,F
1183,05/03/1953,+34 849187452,M
1184,07/06/1956,+34 728220063,M
1185,18/02/1964,+34 841564898,F
1186,14/04/1988,+34 978743350,F
1187,07/02/1984,+34 822179832,F
1188,15/08/1970,+34 803495097,M
1189,22/10/1965,+34 846233196,M
1190,10/03/1980,+34 878961666,M
1191,10/01/1977,+34 885736299,F
1192,25/05/1954,+34 987584063,F
1193,09/12/2003,+34 981523277,M
1194,04/01/1996,+34 947668029,F
1195,11/12/1983,+34 880764089,F
1196,06/07/2004,+34 921718629,F
1197,12/04/1958,+34 978360297,F
1198,12/09/1993,+34 946426503,M
1199,15/07/1985,+34 950697750,M
1200,16/09/1952,+34 821147659,M
1201,13/09/1975,+34 924830880,F
1202,17/04/2002,+34 939354745,F
1203,16/05/1976,+34 921725152,M
1204,04/02/1986,+34 944489643,F
1205,07/01/2004,+34 800917894,F
1206,04/06/1980,+34 824891339,F
1207,09/02/1997,+34 927499215,M
1208,21/07/1987,+34 727095240,M
1209,26/07/1988,+34 983051770,M
1210,12/08/1949,+34 927226829,F
1211,25/02/1962,+34 974188663,M
1212,10/11/1998,+34 887385687,M
1213,08/04/1993,+34 943518426,M
1214,20/09/1998,+34 877400606,F
1215,17/06/1960,+34 821574446,M
1216,13/06/1962,+34 807874213,F
1217,27/11/1989,+34 921849569,M
1218,27/10/1958,+34 980332276,F
1219,27/01/1994,+34 949208127,M
1220,01/12/1963,+34 657731989,M
1221,25/07/1976,+34 847623658,F
1222,11/10/1968,+34 984455846,F
1223,14/05/1977,+34 943022084,F
1224,25/03/1951,+34 945382327,M
1225,30/12/1969,+34 876996521,F
1226,04/05/1959,+34 844331176,M
1227,31/07/1968,+34 885254868,M
1228,09/05/1968,+34 977518136,M
1229,01/12/1983,+34 873083181,M
1230,19/09/2004,+34 874784433,F
1231,23/01/1985,+34 800552315,M
1232,07/08/1992,+34 640791912,M
1233,11/12/1963,+34 977468650,F
1234,06/04/1980,+34 710842883,F
1235,25/08/1964,+34 962893485,F
1236,30/03/1966,+34 973120880,M
1237,03/10/1976,+34 807722087,M
1238,24/11/1975,+34 874198480,F
1239,07/10/1986,+34 921641853,F
1240,21/06/1968,+34 871171230,F
1241,24/03/1979,+34 849446210,F
1242,29/01/1961,+34 718424176,F
1243,10/10/1974,+34 976824978,F
1244,08/05/1998,+34 825648300,M
1245,21/07/1960,+34 842591385,M
1246,10/04/1964,+34 878186035,M
1247,23/09/1967,+34 982195311,M
1248,14/03/1969,+34 922330947,M
1249,01/12/2002,+34 847040067,F
1250,09/05/1959,+34 923054687,M
1251,25/11/2003,+34 972998248,M
1252,12/09/1970,+34 807260913,M
1253,12/10/1992,+34 828018029,M
1254,31/12/1985,+34 987074957,F
1255,23/02/1975,+34 925532380,F
1256,10/02/1998,+34 902383818,F
1257,24/05/1995,+34 842066351,F
1258,12/03/1980,+34 876729742,F
1259,29/11/1969,+34 881198647,M
1260,13/03/1974,+34 901055679,M
1261,16/10/1989,+34 927042157,M
1262,30/08/1975,+34 724271172,M
1263,31/05/1955,+34 948584684,M
1264,22/10/1995,+34 885440156,M
1265,13/04/1984,+34 947631163,M
1266,10/09/1957,+34 884988605,M
1267,30/07/1980,+34 848816667,M
1268,04/08/1963,+34 983500175,M
1269,24/12/1996,+34 976567458,F
1270,31/03/1971,+34 826202245,M
1271,10/08/1960,+34 707592875,F
1272,23/12/2000,+34 921486780,M
1273,19/11/1986,+34 863156000,M
1274,21/06/2004,+34 948593945,M
1275,23/05/1993,+34 920041996,F
1276,04/03/1957,+34 873910427,M
1277,13/09/1976,+34 900060124,M
1278,28/05/2003,+34 883687829,F
1279,08/06/1972,+34 962701579,M
1280,03/03/1987,+34 987087821,M
1281,10/11/1994,+34 707742895,M
1282,11/04/1992,+34 974142415,M
1283,04/06/2001,+34 971895494,M
1284,26/01/1981,+34 956966911,M
1285,17/04/1954,+34 822134834,F
1286,17/06/1955,+34 979336152,F
1287,03/11/1998,+34 880087799,M
1288,17/01/1968,+34 848864352,M
1289,24/05/1975,+34 950349025,F
1290,31/05/1980,+34 828474741,F
1291,01/07/1986,+34 887597934,M
1292,23/12/1979,+34 925321950,M
1293,06/04/1971,+34 984388289,F
1294,08/11/1969,+34 733680976,M
1295,03/04/1976,+34 975849028,M
1296,27/12/1980,+34 880836613,M
1297,01/11/2005,+34 871306184,F
1298,29/04/1970,+34 740367747,F
1299,23/01/2002,+34 988672797,F
1300,13/02/1984,+34 827530395,M
1301,28/07/1996,+34 720163307,F
1302,03/02/1969,+34 827706700,F
1303,21/10/1993,+34 944909232,F
1304,16/05/1984,+34 973828794,F
1305,29/12/1997,+34 974750298,M
1306,12/06/1967,+34 922871194,M
1307,03/08/1962,+34 926902496,M
1308,10/11/1997,+34 922818654,F
1309,23/05/1998,+34 826431833,F
1310,14/10/1981,+34 807035030,M
1311,25/02/1992,+34 956639556,F
1312,28/12/1966,+34 848264480,M
1313,11/02/1962,+34 823596535,M
1314,01/09/1965,+34 877610499,F
1315,18/06/1972,+34 972326557,F
1316,11/06/1968,+34 749899576,F
1317,27/04/2003,+34 827461112,M
1318,14/11/1998,+34 975631698,F
1319,28/12/1986,+34 943742017,F
1320,23/02/1975,+34 807349585,M
1321,24/02/1985,+34 919394969,F
1322,15/09/1997,+34 803663772,F
1323,04/04/1960,+34 900678695,M
1324,19/08/1958,+34 966500427,F
1325,14/11/1973,+34 978396479,F
1326,14/05/1976,+34 944579180,M
1327,20/08/1977,+34 845189195,M
1328,11/12/1978,+34 806953867,M
1329,10/01/1990,+34 976061650,F
1330,19/03/1999,+34 985217188,F
1331,13/11/1988,+34 807463627,F
1332,16/01/1983,+34 986703032,M
1333,19/10/1966,+34 828480380,F
1334,16/02/1976,+34 826067885,M
1335,02/02/2004,+34 974766406,F
1336,19/12/2003,+34 849418060,F
1337,06/11/1961,+34 877643996,F
1338,14/07/1973,+34 822117905,M
1339,26/04/1962,+34 677375686,M
1340,07/12/1976,+34 934579830,M
1341,17/02/1975,+34 876364678,F
1342,22/04/1982,+34 883968776,F
1343,15/10/1981,+34 987777397,F
1344,05/09/1956,+34 926394636,F
1345,14/06/2003,+34 941610766,F
1346,02/07/1950,+34 733819611,F
1347,18/06/1970,+34 918524199,F
1348,05/11/1979,+34 974101745,M
1349,11/06/1990,+34 942948269,F
1350,06/08/1952,+34 919481380,F
1351,14/04/1962,+34 820317697,M
1352,28/05/2006,+34 945047865,M
1353,08/04/2003,+34 924234169,M
1354,15/02/1957,+34 922061261,F
1355,22/09/2006,+34 924456558,M
1356,23/11/1981,+34 848439906,M
1357,21/05/1987,+34 803115559,M
1358,02/04/1966,+34 979067815,F
1359,01/03/2006,+34 982322912,F
1360,04/11/1992,+34 978254748,M
1361,14/11/1979,+34 885434062,F
1362,15/11/1988,+34 900575221,F
1363,07/10/1980,+34 872637311,M
1364,12/06/1972,+34 873282216,M
1365,04/09/2002,+34 978963729,M
1366,04/05/1956,+34 807906706,F
1367,10/03/1967,+34 823965541,M
1368,25/10/2001,+34 921838599,M
1369,08/05/2001,+34 818851792,F
1370,07/07/1958,+34 983074915,F
1371,19/04/1966,+34 820630401,F
1372,14/12/1965,+34 980548232,M
1373,05/01/1994,+34 828132821,F
1374,09/04/1989,+34 987988820,M
1375,06/04/1963,+34 901338259,M
1376,25/02/1995,+34 806736562,M
1377,20/09/2005,+34 977039022,F
1378,11/09/1994,+34 807708099,M
1379,06/02/1960,+34 979155022,M
1380,06/04/2007,+34 943320740,F
1381,20/03/1981,+34 972883571,M
1382,26/07/1960,+34 922505399,F
1383,25/06/1968,+34 888379755,F
1384,27/12/1957,+34 823160603,M
1385,26/10/1979,+34 828618654,F
1386,07/01/1999,+34 946066268,M
1387,10/08/1989,+34 883635469,M
1388,31/07/1986,+34 923426247,F
1389,23/09/1991,+34 877326898,F
1390,22/07/2006,+34 922040898,F
1391,17/02/1991,+34 944352463,M
1392,17/12/1978,+34 980019425,M
1393,26/08/2005,+34 877552998,M
1394,02/07/1994,+34 882373113,F
1395,15/07/2002,+34 942740618,F
1396,21/01/1985,+34 822223890,M
1397,01/08/1972,+34 845958037,M
1398,01/09/1988,+34 977267404,M
1399,29/06/1964,+34 666801481,M
1400,03/03/1977,+34 984090792,F
1401,23/04/1958,+34 948189087,F
1402,14/01/1950,+34 948542638,F
1403,08/12/1958,+34 920816131,F
1404,18/01/1966,+34 976281128,M
1405,18/07/1990,+34 888530903,F
1406,04/06/1983,+34 900936094,F
1407,22/11/2002,+34 973338075,M
1408,26/12/2005,+34 844428011,M
1409,20/03/1959,+34 723013784,M
1410,31/05/1986,+34 988737658,M
1411,17/11/1962,+34 821093801,F
1412,05/12/1982,+34 826322489,F
1413,31/12/1961,+34 872497996,F
1414,25/10/1991,+34 883138086,F
1415,11/04/1958,+34 975724512,F
1416,18/05/2003,+34 980793999,F
1417,03/08/1954,+34 821007579,F
1418,01/02/1954,+34 884978204,F
1419,31/03/2005,+34 982499061,M
1420,23/04/1962,+34 941531040,M
1421,10/10/1957,+34 882716658,F
1422,03/07/1986,+34 987157112,M
1423,18/12/1998,+34 882318674,F
1424,29/07/1990,+34 826993975,M
1425,31/03/1971,+34 983254719,M
1426,08/08/1976,+34 922721868,F
1427,10/12/1963,+34 800841944,F
1428,19/03/1965,+34 928071917,M
1429,28/09/2006,+34 978051151,M
1430,02/12/1956,+34 938531313,F
1431,04/11/1950,+34 881104441,M
1432,13/06/1998,+34 849613714,F
1433,07/05/2004,+34 944748496,F
1434,03/11/2005,+34 943234286,M
1435,18/02/1964,+34 901000325,M
1436,06/07/1979,+34 925353374,M
1437,03/09/1977,+34 722128503,M
1438,04/07/2006,+34 676062158,F
1439,08/11/1975,+34 980815998,M
1440,25/06/2000,+34 828186028,M
1441,23/06/1984,+34 942059057,M
1442,22/02/1958,+34 922418925,F
1443,23/11/1951,+34 974291743,F
1444,03/05/2002,+34 946097484,F
1445,13/07/1969,+34 943609155,M
1446,11/07/1952,+34 872119390,F
1447,24/06/1990,+34 826418098,M
1448,15/07/1983,+34 977417163,M
1449,29/04/1965,+34 820130095,F
1450,07/04/1995,+34 821834826,F
1451,12/05/1993,+34 820116227,F
1452,10/05/1961,+34 875813264,M
1453,06/11/1977,+34 877901801,M
1454,20/08/2002,+34 983308384,F
1455,08/07/2002,+34 927113808,F
1456,04/11/2002,+34 987791653,M
1457,02/08/1986,+34 978380829,M
1458,18/10/1999,+34 901405559,F
1459,20/08/1953,+34 942525433,M
1460,30/07/1954,+34 876123784,F
1461,19/06/1981,+34 849524537,M
1462,02/03/1999,+34 828317399,F
1463,16/10/1956,+34 832480337,F
1464,30/03/1986,+34 878333816,F
1465,30/07/1960,+34 946654488,M
1466,01/02/1989,+34 987455797,F
1467,30/07/1984,+34 703289437,F
1468,27/06/1973,+34 878636644,F
1469,14/12/1961,+34 712523831,M
1470,15/02/1979,+34 877372877,F
1471,17/01/1974,+34 949803678,F
1472,02/11/1983,+34 877213666,M
1473,28/08/1973,+34 877330293,M
1474,07/10/1992,+34 947419111,F
1475,18/02/1978,+34 803302965,F
1476,10/11/2005,+34 920226648,F
1477,04/10/1998,+34 820064035,F
1478,13/08/1953,+34 727109781,F
1479,28/03/1996,+34 982769691,F
1480,17/07/1978,+34 826791995,F
1481,07/05/1978,+34 985969177,F
1482,19/02/1980,+34 967101535,F
1483,21/09/2003,+34 921524640,M
1484,15/02/1985,+34 846414519,M
1485,22/04/2000,+34 844032416,F
1486,22/09/1961,+34 841110054,M
1487,23/08/1962,+34 972179037,M
1488,13/12/1949,+34 860472838,M
1489,27/07/2001,+34 747388792,F
1490,04/06/1961,+34 721667853,M
1491,31/12/1984,+34 987458775,M
1492,04/07/1968,+34 984335226,F
1493,11/08/1950,+34 871209942,F
1494,13/06/1982,+34 728709806,F
1495,14/12/1993,+34 887864105,F
1496,02/03/1982,+34 975832244,F
1497,25/03/1955,+34 842114590,M
1498,08/12/1966,+34 986047631,F
1499,14/08/1969,+34 979276720,M
1500,25/03/1951,+34 886413537,F
1501,20/01/1978,+34 947805229,M
1502,24/04/1953,+34 927732182,M
1503,11/01/1978,+34 714723829,F
1504,17/05/1998,+34 947676224,F
1505,14/04/1974,+34 826311048,F
1506,04/05/1966,+34 882505336,M
1507,05/08/1959,+34 986482502,F
1508,23/04/1963,+34 972552458,M
1509,19/12/2004,+34 987198026,M
1510,21/01/1950,+34 888812420,F
1511,23/08/1966,+34 849891113,M
1512,30/09/1965,+34 845412242,M
1513,08/12/1981,+34 902448142,F
1514,31/05/1962,+34 943225062,M
1515,07/05/1994,+34 734141249,M
1516,26/02/2004,+34 871477104,F
1517,15/10/1965,+34 927945170,M
1518,15/03/1982,+34 705727200,M
1519,01/05/2002,+34 822648490,F
1520,18/02/1956,+34 924282623,F
1521,13/01/1996,+34 984421378,M
1522,08/09/1997,+34 846238095,F
1523,22/10/1949,+34 822777101,M
1524,28/12/1963,+34 872114705,M
1525,02/10/1994,+34 812977055,M
1526,09/10/1999,+34 926504444,M
1527,12/05/2001,+34 725169456,F
1528,30/04/1982,+34 713473997,F
1529,25/10/1950,+34 859516466,M
1530,04/05/1956,+34 948762421,F
1531,20/09/1951,+34 807131941,F
1532,25/11/1949,+34 824256814,M
1533,19/08/1993,+34 924298281,F
1534,02/01/1963,+34 888769131,M
1535,02/07/1969,+34 822213009,M
1536,18/11/1965,+34 886282646,M
1537,19/01/2005,+34 824475876,F
1538,15/09/1963,+34 986183225,F
1539,21/08/1976,+34 983060389,M
1540,13/06/1997,+34 920324188,M
1541,29/03/1976,+34 982741736,F
1542,07/06/1994,+34 806327156,F
1543,27/12/1955,+34 879229840,M
1544,03/03/1950,+34 831903869,F
1545,12/09/1967,+34 986723563,M
1546,09/07/1985,+34 807784343,F
1547,01/08/1993,+34 955589620,F
1548,22/09/1989,+34 949931411,F
1549,07/01/1962,+34 748594068,M
1550,08/12/1965,+34 842261623,M
1551,04/12/1998,+34 800594344,M
1552,08/10/1991,+34 946325729,M
1553,28/02/1951,+34 971379800,M
1554,20/01/1992,+34 921866891,M
1555,01/05/1955,+34 925150157,M
1556,22/04/1981,+34 740596131,F
1557,09/07/1998,+34 981372068,M
1558,30/07/1982,+34 886056336,M
1559,23/05/1984,+34 943784933,F
1560,19/09/1972,+34 980692769,F
1561,29/08/1998,+34 846474059,M
1562,13/02/1990,+34 983609930,F
1563,14/07/1975,+34 985700393,F
1564,25/07/1995,+34 888589215,F
1565,03/09/1959,+34 922906920,F
1566,15/04/1970,+34 882750586,M
1567,28/10/1970,+34 882097824,F
1568,04/04/1976,+34 821926311,M
1569,11/09/1979,+34 927194451,F
1570,31/07/2001,+34 941929042,F
1571,15/11/1965,+34 803856260,M
1572,18/02/1974,+34 910403375,F
1573,04/10/1982,+34 884448307,F
1574,19/09/1951,+34 873282031,F
1575,30/11/1988,+34 841782659,F
1576,02/07/1954,+34 944255948,F
1577,13/01/1951,+34 944356559,F
1578,17/09/1975,+34 806775440,F
1579,18/05/2006,+34 984827385,F
1580,27/09/1953,+34 886959093,M
1581,04/01/1989,+34 874184786,M
1582,26/08/1989,+34 988864126,M
1583,30/06/1982,+34 949710065,F
1584,30/09/1988,+34 848978029,F
1585,14/09/1984,+34 830731199,F
1586,04/01/1962,+34 879156449,F
1587,25/10/1974,+34 806605336,F
1588,26/12/1983,+34 925184263,M
1589,11/10/2004,+34 885445017,M
1590,07/12/1974,+34 828814224,M
1591,12/12/2000,+34 882624053,M
1592,19/04/1998,+34 900836912,F
1593,19/11/1996,+34 841338723,F
1594,14/11/1974,+34 926596631,M
1595,07/07/1987,+34 883099192,M
1596,18/08/1966,+34 846512674,F
1597,22/08/2003,+34 877721477,F
1598,19/03/1957,+34 725342437,F
1599,08/05/1983,+34 925661882,M
1600,27/12/1971,+34 825986828,F
1601,19/08/1953,+34 981141374,F
1602,29/03/2005,+34 985273262,F
1603,27/02/1952,+34 887566213,F
1604,13/09/1959,+34 946326286,M
1605,26/02/1972,+34 974708057,F
1606,03/09/1978,+34 942181468,F
1607,16/06/1984,+34 902937843,M
1608,06/12/1991,+34 921264313,F
1609,14/01/1979,+34 865406149,F
1610,23/02/1972,+34 977844716,M
1611,25/02/1986,+34 949026459,F
1612,17/03/1952,+34 874606499,F
1613,15/03/1972,+34 803540041,M
1614,17/03/1991,+34 702842089,M
1615,08/07/2004,+34 988880083,F
1616,28/01/1989,+34 837076816,F
1617,04/07/1991,+34 924316158,M
1618,16/01/1966,+34 821953792,M
1619,21/01/1952,+34 713850136,M
1620,02/04/2000,+34 921384923,F
1621,29/10/1973,+34 925305031,M
1622,22/09/1950,+34 949144306,M
1623,19/11/1952,+34 864299449,M
1624,30/06/1971,+34 883816474,F
1625,14/03/1954,+34 872046586,M
1626,12/03/1990,+34 928774491,M
1627,25/03/1953,+34 945570704,F
1628,14/11/1979,+34 845390752,F
1629,18/09/1959,+34 728848441,M
1630,29/12/2005,+34 948429228,F
1631,21/04/1961,+34 824146993,F
1632,23/12/1995,+34 928845113,F
1633,07/12/2003,+34 807934726,M
1634,01/08/1964,+34 827627728,M
1635,03/12/1970,+34 972733309,F
1636,05/01/1971,+34 847635297,M
1637,28/08/1965,+34 974387893,F
1638,08/12/2000,+34 800849370,F
1639,16/09/1996,+34 876061580,F
1640,09/01/1952,+34 612043023,F
1641,02/08/1996,+34 943419687,M
1642,31/01/1989,+34 937473208,F
1643,28/10/1966,+34 849473094,M
1644,03/05/1998,+34 828146011,F
1645,09/10/1987,+34 981822224,F
1646,30/06/1987,+34 983962017,F
1647,16/02/2005,+34 977566090,M
1648,23/01/1999,+34 933843099,F
1649,14/12/1988,+34 843460790,F
1650,02/06/1963,+34 972570374,F
1651,25/04/1983,+34 835747670,F
1652,24/12/1994,+34 653082565,F
1653,11/02/1981,+34 947914269,M
1654,10/02/2003,+34 945655966,F
1655,04/01/1970,+34 887736574,M
1656,07/04/2000,+34 824360363,M
1657,03/11/1988,+34 803286213,F
1658,29/03/2006,+34 868159737,F
1659,19/03/1994,+34 923214568,F
1660,31/07/1978,+34 986792385,F
1661,31/05/1996,+34 943167375,F
1662,24/05/2006,+34 843440995,F
1663,28/11/1955,+34 807895037,F
1664,15/04/1970,+34 978872640,M
1665,14/10/1990,+34 849486746,M
1666,26/05/2003,+34 841453040,M
1667,25/04/1991,+34 821640108,F
1668,16/04/1977,+34 942829656,M
1669,02/12/1972,+34 875804988,F
1670,03/05/1956,+34 875262893,M
1671,02/05/1995,+34 988073750,F
1672,17/03/1991,+34 841599610,F
1673,24/09/1986,+34 875149932,F
1674,12/08/1974,+34 876776783,M
1675,24/08/1988,+34 986808814,F
1676,29/11/1951,+34 981515634,M
1677,28/10/1982,+34 924677818,F
1678,04/04/1973,+34 823884681,M
1679,22/11/1999,+34 938134380,M
1680,02/08/1970,+34 968450795,M
1681,17/07/2003,+34 826402876,F
1682,08/09/1966,+34 946308731,F
1683,04/08/1968,+34 849027675,M
1684,13/06/1972,+34 976420711,F
1685,01/05/1956,+34 920467481,M
1686,12/12/1968,+34 803804062,F
1687,01/03/1962,+34 861367378,F
1688,08/10/1994,+34 841077291,F
1689,10/02/1958,+34 944281406,M
1690,27/07/1955,+34 946372601,F
1691,06/12/1954,+34 733666774,M
1692,21/10/1960,+34 945734139,M
1693,12/03/1980,+34 921545365,M
1694,08/03/1995,+34 653400823,F
1695,20/03/1955,+34 928342163,M
1696,25/06/1993,+34 977393227,M
1697,31/08/1979,+34 947291740,M
1698,04/04/1980,+34 926683972,F
1699,18/07/1987,+34 978417143,F
1700,02/09/1962,+34 846947758,M
1701,02/07/1996,+34 718162946,F
1702,10/05/1996,+34 875538471,F
1703,13/01/1952,+34 841461299,F
1704,16/04/1970,+34 866395768,M
1705,14/03/1979,+34 879495890,M
1706,08/02/1993,+34 806252228,M
1707,09/03/1981,+34 843500266,F
1708,10/01/1988,+34 844824198,F
1709,12/07/1999,+34 839336139,M
1710,19/10/1954,+34 973060111,M
1711,19/10/1964,+34 824789433,M
1712,30/07/1992,+34 704874921,M
1713,21/10/1952,+34 852921316,M
1714,21/05/1953,+34 973206949,M
1715,10/04/1974,+34 942164787,F
1716,22/03/1997,+34 975663673,F
1717,14/03/1966,+34 872582210,F
1718,11/04/1957,+34 946076951,M
1719,31/07/1950,+34 825575770,M
1720,30/01/1953,+34 924071027,F
1721,04/03/1994,+34 972207252,M
1722,30/08/1956,+34 900649138,F
1723,07/09/2006,+34 884408337,F
1724,09/09/1949,+34 972081530,M
1725,27/07/1982,+34 943821398,F
1726,28/03/1980,+34 732410183,M
1727,25/06/2002,+34 803400860,M
1728,21/08/1970,+34 982112225,M
1729,22/06/1998,+34 928268861,M
1730,09/05/1972,+34 813993621,M
1731,17/10/1955,+34 947386682,M
1732,26/05/1969,+34 822908075,F
1733,26/04/1982,+34 880546176,M
1734,02/07/1984,+34 825258412,F
1735,19/12/1994,+34 826710123,M
1736,28/09/1950,+34 887035542,M
1737,01/06/1971,+34 923481485,F
1738,16/06/1957,+34 976277542,M
1739,30/01/1979,+34 810918986,F
1740,19/10/1968,+34 826196611,F
1741,18/10/1975,+34 852438972,F
1742,28/05/1967,+34 968325441,M
1743,14/07/1980,+34 848787653,M
1744,28/04/1951,+34 975017200,F
1745,19/05/1951,+34 883437294,F
1746,13/08/1983,+34 877455258,M
1747,19/11/1961,+34 879962585,F
1748,09/01/1981,+34 883013878,F
1749,28/04/1995,+34 876013073,F
1750,17/06/1962,+34 876641340,M
1751,04/08/1977,+34 842912866,M
1752,12/04/1966,+34 847233093,M
1753,03/09/2005,+34 842766480,M
1754,04/02/1997,+34 902999549,F
1755,18/02/1998,+34 982310315,F
1756,01/06/1986,+34 977428845,F
1757,30/08/1982,+34 979823326,F
1758,19/06/1989,+34 881971458,M
1759,25/02/1977,+34 739107297,M
1760,15/03/1985,+34 877621833,M
1761,05/09/1973,+34 841703688,F
1762,07/10/1993,+34 841855168,F
1763,11/01/1988,+34 849862866,M
1764,01/04/1964,+34 946409464,M
1765,26/12/1961,+34 884023789,F
1766,09/12/1994,+34 868812770,F
1767,21/12/1956,+34 928029925,M
1768,20/01/1972,+34 886047174,M
1769,10/12/1971,+34 872682855,M
1770,20/08/1990,+34 823745345,F
1771,22/09/1959,+34 739696540,F
1772,28/08/1966,+34 843532055,F
1773,15/04/1985,+34 922551037,M
1774,21/09/1957,+34 847199300,M
1775,22/02/1957,+34 972269876,F
1776,25/10/1972,+34 971386499,F
1777,29/11/1952,+34 982293384,F
1778,23/07/1982,+34 976613479,F
1779,26/12/1985,+34 942868910,M
1780,18/05/1989,+34 820511168,F
1781,15/12/1969,+34 941259617,F
1782,28/12/1972,+34 666609875,M
1783,08/05/1961,+34 887405376,M
1784,25/11/1956,+34 806791348,F
1785,10/08/1986,+34 848699606,M
1786,16/05/1960,+34 848994037,M
1787,26/08/1989,+34 928320287,F
1788,02/06/1995,+34 974656600,F
1789,28/07/1996,+34 817467824,F
1790,24/02/1994,+34 984526967,F
1791,11/04/1976,+34 948724711,F
1792,13/04/1950,+34 976234648,F
1793,27/10/1954,+34 879091068,F
1794,10/09/1986,+34 981295980,M
1795,10/03/2002,+34 885503963,F
1796,29/05/1961,+34 988351038,M
1797,16/07/1959,+34 824475488,F
1798,15/04/1974,+34 875652357,M
1799,15/05/1994,+34 928174409,F
1800,04/01/2000,+34 973587040,F
1801,12/10/1975,+34 980324853,M
1802,26/09/1953,+34 978330231,M
1803,08/05/1983,+34 722445214,F
1804,22/03/1989,+34 920994795,F
1805,16/12/1984,+34 825274441,F
1806,14/05/1995,+34 988762438,M
1807,27/05/1962,+34 844721773,F
1808,17/11/1992,+34 845989560,M
1809,30/10/1969,+34 880653043,M
1810,07/08/2005,+34 975437384,F
1811,18/11/1953,+34 846711584,M
1812,22/12/1975,+34 979603587,F
1813,14/08/1950,+34 977469210,M
1814,06/10/1950,+34 935760163,M
1815,23/02/1994,+34 878033297,F
1816,23/08/1958,+34 877991895,M
1817,25/10/1981,+34 927530813,F
1818,21/12/1965,+34 973510030,M
1819,25/07/1997,+34 978718798,M
1820,14/08/1998,+34 882480641,F
1821,22/11/1989,+34 975312861,F
1822,27/09/1953,+34 941813556,F
1823,01/08/1955,+34 971432656,F
1824,14/03/1985,+34 669137035,M
1825,26/08/1981,+34 849134432,F
1826,17/08/1961,+34 978975919,M
1827,19/02/1997,+34 800424890,M
1828,11/06/1969,+34 871300778,M
1829,19/11/1955,+34 848490024,M
1830,07/11/1977,+34 807865526,F
1831,16/06/1972,+34 987345531,F
1832,15/01/1956,+34 977546827,F
1833,16/11/1962,+34 880579827,M
1834,07/10/1950,+34 921700261,F
1835,07/05/1969,+34 639364045,M
1836,24/09/1980,+34 635491231,M
1837,31/12/1969,+34 886620105,M
1838,11/07/1985,+34 847489265,F
1839,29/01/1976,+34 983654806,M
1840,20/12/1952,+34 921223692,M
1841,28/05/1994,+34 928054143,M
1842,11/06/1982,+34 938682278,M
1843,02/09/1960,+34 985362962,F
1844,29/05/1991,+34 902340285,M
1845,19/03/1952,+34 845914233,M
1846,04/07/1960,+34 981810495,M
1847,21/09/1949,+34 820108349,F
1848,18/02/1984,+34 872601552,F
1849,02/02/1963,+34 887172236,F
1850,07/08/1950,+34 927483340,M
1851,24/04/1975,+34 978500255,F
1852,28/11/1951,+34 841916377,M
1853,17/03/1967,+34 746777895,F
1854,11/05/1997,+34 861830986,F
1855,20/02/1986,+34 948098722,M
1856,01/01/1967,+34 918878773,M
1857,21/06/2005,+34 821730216,M
1858,15/11/1993,+34 821263429,M
1859,30/07/1990,+34 881173191,F
1860,26/05/1961,+34 880742729,M
1861,06/02/1992,+34 986185809,F
1862,09/08/1998,+34 942695898,F
1863,23/02/1972,+34 835690573,M
1864,12/03/1976,+34 881341328,M
1865,20/09/1965,+34 985994929,M
1866,29/09/1992,+34 846338312,M
1867,11/08/1955,+34 982005693,F
1868,30/08/1975,+34 825525855,F
1869,22/12/2005,+34 978671643,M
1870,05/06/1960,+34 978046568,M
1871,19/04/1989,+34 845224379,M
1872,07/09/1983,+34 845374002,M
1873,10/06/1967,+34 926525296,M
1874,11/12/1989,+34 916882191,F
1875,28/11/2002,+34 806217965,F
1876,17/04/1975,+34 864153306,M
1877,17/04/2002,+34 982578400,F
1878,18/05/1978,+34 988962007,F
1879,07/04/1973,+34 901131512,F
1880,22/02/1976,+34 977471795,M
1881,06/03/1972,+34 961335369,M
1882,28/05/1981,+34 988463020,M
1883,04/02/2007,+34 822818210,M
1884,22/02/1991,+34 925423641,F
1885,16/08/1989,+34 824311619,M
1886,25/05/1951,+34 877003326,F
1887,08/03/1958,+34 875787481,M
1888,18/07/1966,+34 957698177,M
1889,24/12/2005,+34 878218038,M
1890,08/11/1964,+34 848944939,F
1891,23/08/1949,+34 901556059,M
1892,19/06/1971,+34 807026558,F
1893,02/02/1963,+34 978177332,F
1894,12/09/1958,+34 945246913,F
1895,05/01/1972,+34 822243177,M
1896,19/07/1984,+34 977984888,M
1897,13/09/1984,+34 982203596,F
1898,13/06/1951,+34 901726943,M
1899,22/11/1979,+34 821938224,M
1900,12/07/1975,+34 926560420,F
1901,27/12/1967,+34 977116311,F
1902,27/07/1951,+34 871140407,M
1903,21/11/1992,+34 980481033,M
1904,07/12/1952,+34 729603025,M
1905,01/07/1998,+34 851358870,M
1906,29/01/1969,+34 826161784,F
1907,11/09/1990,+34 850165663,M
1908,29/11/1993,+34 923267511,M
1909,14/11/1956,+34 973695034,M
1910,11/02/1982,+34 822319796,M
1911,03/05/1980,+34 874376758,M
1912,08/03/1956,+34 834315415,F
1913,24/07/1954,+34 841725039,M
1914,20/07/1961,+34 803204698,F
1915,13/04/1953,+34 944803423,M
1916,22/07/1961,+34 887959266,F
1917,28/12/1986,+34 819688242,M
1918,12/02/1978,+34 820020683,M
1919,31/01/1996,+34 884772887,F
1920,03/03/1961,+34 706874473,F
1921,10/10/1956,+34 830991243,F
1922,04/12/1966,+34 713603050,F
1923,15/01/1994,+34 828580444,F
1924,25/12/1951,+34 878363198,M
1925,01/09/1985,+34 943965248,F
1926,12/05/1955,+34 980149070,F
1927,06/03/1974,+34 745482644,M
1928,12/10/1972,+34 817018384,F
1929,04/10/1997,+34 882843738,M
1930,15/04/1963,+34 918889470,M
1931,10/10/1985,+34 928735757,F
1932,28/11/1998,+34 948439270,M
1933,30/10/2001,+34 826977107,F
1934,25/12/1998,+34 860179045,F
1935,17/08/1987,+34 977839616,M
1936,20/06/1971,+34 713387330,F
1937,12/04/1985,+34 944737956,F
1938,27/10/1997,+34 820597927,F
1939,29/04/1960,+34 885214558,F
1940,14/08/1963,+34 925546659,F
1941,14/10/1988,+34 917118489,M
1942,15/05/1984,+34 921169420,M
1943,16/04/1963,+34 974049979,F
1944,23/03/2003,+34 981606547,F
1945,25/05/1956,+34 803139358,F
1946,24/03/1972,+34 923058414,F
1947,02/06/1998,+34 981902989,F
1948,23/04/1990,+34 871302000,F
1949,23/03/1998,+34 982381326,F
1950,06/09/2005,+34 972235387,F
1951,18/01/1965,+34 942354887,F
1952,25/11/1994,+34 883799542,M
1953,21/07/1986,+34 923457482,F
1954,12/01/1976,+34 924726785,M
1955,14/07/2005,+34 702763291,M
1956,10/06/1949,+34 888961987,M
1957,08/04/1956,+34 978541725,F
1958,30/04/1988,+34 869094885,F
1959,10/09/1991,+34 807465319,F
1960,31/12/1961,+34 975987527,M
1961,23/11/2002,+34 837427977,F
1962,22/08/1983,+34 886698681,M
1963,23/03/1964,+34 705032361,F
1964,29/05/1989,+34 926530938,F
1965,10/10/2004,+34 822254383,M
1966,03/10/2001,+34 973524900,F
1967,14/02/1989,+34 922930499,F
1968,02/07/1985,+34 941983051,F
1969,06/08/1978,+34 705692651,M
1970,26/03/1996,+34 943081268,F
1971,24/02/2001,+34 933532586,F
1972,10/06/1992,+34 949559824,M
1973,07/08/1973,+34 978478686,F
1974,12/03/1983,+34 800547017,M
1975,04/08/1966,+34 973190248,F
1976,09/04/1970,+34 944450711,F
1977,28/10/1994,+34 843021425,M
1978,09/02/1974,+34 978716671,F
1979,07/02/1994,+34 977750811,F
1980,18/01/1984,+34 659577020,F
1981,10/12/1978,+34 830933398,F
1982,25/08/1951,+34 926833060,M
1983,24/06/1957,+34 978840145,F
1984,01/01/2007,+34 957478399,F
1985,12/04/1978,+34 846644754,M
1986,29/02/2004,+34 847623115,F
1987,23/12/2005,+34 986576036,F
1988,23/05/1953,+34 932794879,M
1989,18/06/1974,+34 947390505,F
1990,24/03/1960,+34 944263995,M
1991,03/08/1955,+34 987884570,M
1992,01/04/1961,+34 985585784,F
1993,31/10/1981,+34 928720897,F
1994,30/06/1970,+34 849075658,F
1995,30/12/2000,+34 975191927,F
1996,21/01/1956,+34 823399645,M
1997,17/10/1996,+34 873869341,F
1998,18/04/1955,+34 825457192,F
1999,17/05/1999,+34 980670778,M
2000,25/06/1973,+34 715293645,M
2001,25/11/2001,+34 968900177,F
2002,30/09/1987,+34 848287994,F
2003,03/10/1965,+34 803667054,F
2004,16/09/1982,+34 880160505,M
2005,13/09/2004,+34 841060846,M
2006,30/06/1987,+34 885580735,F
2007,03/03/1974,+34 945676281,F
2008,19/06/1956,+34 822513190,M
2009,02/03/1982,+34 871794914,F
2010,30/11/2002,+34 879707671,F
2011,22/10/2006,+34 848105717,M
2012,20/08/1968,+34 981920116,F
2013,24/10/1993,+34 944346458,M
2014,26/12/2005,+34 982551168,F
2015,22/11/1958,+34 886796917,M
2016,21/09/1950,+34 977955702,F
2017,30/07/1969,+34 948065631,F
2018,01/04/1973,+34 901874243,F
2019,10/03/1999,+34 665593681,M
2020,25/07/1985,+34 886869201,M
2021,06/09/1963,+34 920542380,F
2022,17/11/1949,+34 887098726,M
2023,12/08/1978,+34 854646735,F
2024,08/03/1992,+34 879824548,F
2025,31/03/2000,+34 938507135,F
2026,25/10/1956,+34 707051570,M
2027,20/02/1952,+34 849417552,M
2028,21/12/1995,+34 841581888,F
2029,06/08/1999,+34 828031625,F
2030,25/08/1971,+34 949975896,M
2031,17/08/1976,+34 871577352,F
2032,03/10/1994,+34 873434808,M
2033,25/04/1955,+34 983805850,M
2034,08/08/1988,+34 885239451,M
2035,06/02/2002,+34 983746255,M
2036,03/04/1994,+34 987230094,M
2037,29/09/1976,+34 887165168,F
2038,13/10/1990,+34 868634315,F
2039,03/09/1953,+34 979268418,M
2040,08/08/1995,+34 982378682,M
2041,21/06/1993,+34 848300979,F
2042,30/05/1992,+34 972868318,M
2043,11/04/1970,+34 976795255,F
2044,23/09/1994,+34 865690303,F
2045,30/11/2006,+34 986186475,M
2046,09/12/1978,+34 920385298,M
2047,19/10/1986,+34 971470770,M
2048,31/10/1967,+34 941263657,F
2049,12/06/1998,+34 943102487,F
2050,14/12/1964,+34 823758200,M
2051,08/11/1970,+34 723280255,F
2052,03/08/1983,+34 848986524,F
2053,24/11/1995,+34 807181381,F
2054,14/02/1975,+34 821645018,F
2055,02/03/1997,+34 926138543,F
2056,05/07/1979,+34 981287155,M
2057,25/09/2002,+34 849601303,M
2058,29/11/1975,+34 980688583,M
2059,12/10/1991,+34 922608500,M
2060,30/10/1970,+34 841297002,F
2061,18/02/1992,+34 655881498,M
2062,14/10/2006,+34 885578230,F
2063,11/09/1996,+34 807597548,M
2064,06/11/1977,+34 978181820,F
2065,25/11/1954,+34 978958583,F
2066,15/06/1994,+34 844112097,M
2067,06/12/1970,+34 928345953,M
2068,18/07/1952,+34 949959042,M
2069,04/04/1973,+34 925090623,F
2070,06/10/1999,+34 843860050,M
2071,07/06/1959,+34 813050421,M
2072,13/07/1990,+34 846855887,M
2073,29/07/1988,+34 920198459,F
2074,03/11/1958,+34 884702192,M
2075,06/06/2006,+34 747591584,M
2076,20/10/1999,+34 848740737,F
2077,18/07/1985,+34 884764862,M
2078,12/04/1966,+34 979990003,M
2079,03/03/1954,+34 946526884,M
2080,09/11/1979,+34 712927971,F
2081,27/06/1964,+34 986795259,M
2082,29/01/1968,+34 922472511,M
2083,07/11/1979,+34 716693675,F
2084,15/06/1989,+34 841909732,F
2085,23/12/1964,+34 926691538,M
2086,15/09/1986,+34 821924605,M
2087,04/07/1964,+34 901889852,F
2088,03/07/1965,+34 979825064,M
2089,30/11/1980,+34 883830412,F
2090,26/07/1985,+34 979640916,F
2091,09/03/1991,+34 841165900,F
2092,04/08/1967,+34 976043325,F
2093,21/11/1992,+34 885031649,F
2094,20/07/1999,+34 920090830,M
2095,22/08/1976,+34 846514282,F
2096,23/08/1966,+34 986394034,M
2097,22/06/1991,+34 848515464,F
2098,16/05/1978,+34 726526948,M
2099,13/09/1963,+34 846552728,M
2100,14/09/1985,+34 983848285,M
2101,15/01/1979,+34 827574894,F
2102,18/09/1972,+34 875049393,M
2103,22/05/1975,+34 984702234,M
2104,06/09/1961,+34 825925329,M
2105,07/02/1976,+34 826326459,M
2106,11/02/1957,+34 820872857,M
2107,28/06/1950,+34 846982528,M
2108,22/01/1957,+34 879835935,F
2109,14/02/1970,+34 887948228,F
2110,16/06/1957,+34 986831765,M
2111,23/02/1979,+34 888297727,M
2112,13/06/1973,+34 824667418,M
2113,13/06/2001,+34 882663292,F
2114,05/11/1991,+34 901501057,M
2115,02/10/2006,+34 964861586,M
2116,12/04/2000,+34 846752048,M
2117,05/02/1962,+34 980353100,M
2118,13/09/1974,+34 941442460,F
2119,17/07/1966,+34 842628375,M
2120,11/08/2002,+34 947937483,M
2121,19/08/1973,+34 872309958,F
2122,19/10/1988,+34 947203636,M
2123,10/11/1998,+34 934591402,F
2124,31/10/2001,+34 842180462,F
2125,03/11/1949,+34 832480573,F
2126,26/05/1957,+34 943890507,F
2127,03/10/1974,+34 943596188,F
2128,19/02/2004,+34 849776218,F
2129,29/08/1998,+34 988296057,M
2130,13/06/1961,+34 822460491,F
2131,23/05/1957,+34 946693004,M
2132,03/08/1992,+34 967688578,F
2133,23/08/2005,+34 743462701,F
2134,06/07/1959,+34 867735615,M
2135,17/05/1997,+34 976996191,M
2136,11/08/1962,+34 874978451,M
2137,01/01/1994,+34 960438281,M
2138,26/07/1954,+34 872166731,F
2139,19/08/1960,+34 849981328,M
2140,18/09/1978,+34 729325162,F
2141,31/05/1970,+34 972676232,F
2142,06/01/1970,+34 879606979,F
2143,16/10/1972,+34 920514137,F
2144,10/05/2006,+34 974901606,M
2145,30/03/2003,+34 971681740,M
2146,25/11/1999,+34 981928644,M
2147,04/02/1959,+34 949450021,F
2148,27/07/1988,+34 822063793,M
2149,15/12/1968,+34 948148663,M
2150,06/04/1982,+34 803108318,F
2151,17/10/1963,+34 984496579,M
2152,22/05/1965,+34 748843888,F
2153,29/01/1966,+34 811163018,F
2154,25/09/2005,+34 883012524,F
2155,22/07/1993,+34 972368420,M
2156,08/03/1959,+34 810406499,F
2157,30/12/1982,+34 921180522,F
2158,22/04/1987,+34 847898887,F
2159,10/09/1978,+34 843483591,F
2160,31/07/1984,+34 921358630,F
2161,14/07/1969,+34 884069917,F
2162,25/10/2004,+34 917220351,M
2163,02/06/1949,+34 824847671,M
2164,24/06/1979,+34 821186696,F
2165,10/09/1999,+34 880352457,M
2166,22/11/1960,+34 980620097,F
2167,23/08/1966,+34 946455560,M
2168,05/10/1998,+34 926992863,M
2169,16/01/1966,+34 879161161,F
2170,09/08/1954,+34 848229613,F
2171,23/10/1952,+34 941227247,F
2172,28/08/1977,+34 902995857,M
2173,27/11/1983,+34 982108030,M
2174,07/01/1990,+34 880688326,F
2175,31/03/1956,+34 945259020,M
2176,26/03/1990,+34 873544954,F
2177,05/01/1992,+34 749927619,M
2178,15/10/1999,+34 822075786,F
2179,13/06/1968,+34 947568401,M
2180,24/07/1974,+34 883871297,F
2181,06/05/1957,+34 920088410,M
2182,04/08/1980,+34 862889993,F
2183,05/04/2007,+34 703440171,M
2184,01/11/1953,+34 920000743,F
2185,14/02/1972,+34 985401835,M
2186,20/05/1994,+34 900469186,F
2187,17/04/1977,+34 843407746,M
2188,05/06/2004,+34 915798882,F
2189,26/10/1958,+34 920907195,F
2190,14/05/1965,+34 823304114,F
2191,11/08/1965,+34 928283915,M
2192,18/06/1996,+34 921088470,F
2193,26/04/1980,+34 820111559,F
2194,06/09/1959,+34 824363271,M
2195,07/10/1999,+34 823670487,M
2196,23/04/2004,+34 826788903,M
2197,05/03/2000,+34 927145947,F
2198,30/03/1992,+34 850927633,M
2199,15/12/1958,+34 872833322,F
2200,24/02/1998,+34 979505930,F
2201,03/05/1991,+34 976952721,M
2202,11/04/1993,+34 821574603,M
2203,04/03/1950,+34 978095230,F
2204,16/09/2002,+34 984232706,M
2205,12/10/1970,+34 986994201,M
2206,04/05/1959,+34 823647235,M
2207,06/06/1951,+34 878837158,F
2208,01/04/2006,+34 883283763,F
2209,18/04/2006,+34 941174427,M
2210,04/03/2002,+34 876477247,F
2211,13/11/1982,+34 732965855,F
2212,13/03/1997,+34 981136341,F
2213,27/01/1993,+34 882533315,F
2214,14/03/2000,+34 875366238,M
2215,06/12/1992,+34 949026527,M
2216,28/04/1989,+34 873400628,M
2217,22/10/1958,+34 941891173,F
2218,21/08/1962,+34 972735205,F
2219,22/05/1954,+34 887961314,M
2220,05/11/1983,+34 977746209,M
2221,22/04/1961,+34 807289720,F
2222,08/02/1973,+34 807925767,M
2223,02/05/2001,+34 922820077,M
2224,14/09/1962,+34 948685414,M
2225,03/05/1965,+34 851583425,F
2226,10/08/1968,+34 982934849,F
2227,22/12/1992,+34 978365427,F
2228,25/11/1955,+34 924110407,F
2229,09/07/2003,+34 978474610,F
2230,07/07/1962,+34 945826631,M
2231,02/02/1961,+34 847731273,M
2232,21/03/1984,+34 949029941,M
2233,16/01/1954,+34 874404686,M
2234,23/05/1976,+34 879017182,M
2235,17/10/1960,+34 953941929,F
2236,23/10/1953,+34 871480416,M
2237,01/03/1962,+34 880398819,F
2238,08/10/1961,+34 884814203,F
2239,04/06/1972,+34 880873299,M
2240,15/04/2005,+34 979555489,F
2241,08/11/1987,+34 981146528,F
2242,09/11/1998,+34 881066554,F
2243,13/06/1985,+34 921735105,M
2244,18/08/1953,+34 971668835,F
2245,02/04/1987,+34 844147023,F
2246,13/05/1968,+34 953908072,M
2247,20/05/1959,+34 961263413,F
2248,27/12/1997,+34 975839579,F
2249,19/02/2005,+34 724002225,F
2250,07/09/1983,+34 921941528,M
2251,30/01/2004,+34 971300481,F
2252,06/12/1966,+34 938307885,M
2253,16/08/1968,+34 925761348,F
2254,12/03/1956,+34 844749616,M
2255,18/08/2002,+34 841677116,M
2256,09/12/1985,+34 922345689,M
2257,16/12/1982,+34 941306575,F
2258,27/08/1972,+34 975524099,F
2259,04/08/1964,+34 979781734,F
2260,01/10/2004,+34 973811005,F
2261,28/05/2001,+34 922185013,M
2262,26/07/1998,+34 982434319,F
2263,28/11/2004,+34 926427215,F
2264,10/01/1980,+34 879466691,M
2265,12/09/1961,+34 902576894,M
2266,19/05/1961,+34 943507770,F
2267,04/06/2000,+34 807379110,M
2268,17/10/1960,+34 955763917,M
2269,12/12/2000,+34 806167389,M
2270,17/01/1955,+34 974681335,M
2271,13/12/1983,+34 944640279,F
2272,08/01/1969,+34 820232071,F
2273,14/08/1966,+34 706755320,M
2274,14/06/1979,+34 822362473,M
2275,30/06/1953,+34 980846191,F
2276,12/08/1960,+34 975810144,M
2277,15/12/1950,+34 977831947,M
2278,14/02/1965,+34 852472788,F
2279,16/08/1979,+34 874453444,M
2280,12/08/1951,+34 820722081,M
2281,27/02/2006,+34 975122721,F
2282,09/03/1955,+34 845068998,F
2283,24/06/1990,+34 874954143,M
2284,27/07/2003,+34 920621756,M
2285,26/05/1950,+34 849235565,F
2286,11/12/1986,+34 972187184,M
2287,09/06/1954,+34 920695768,F
2288,19/03/1973,+34 944238617,F
2289,04/03/1974,+34 844931891,M
2290,07/11/1970,+34 917808703,M
2291,18/10/1975,+34 844845867,F
2292,26/04/1982,+34 885716027,M
2293,10/12/1959,+34 847199295,M
2294,14/10/1970,+34 979509565,F
2295,26/09/1974,+34 975237924,F
2296,19/11/1981,+34 872886237,F
2297,06/01/1967,+34 921687959,M
2298,27/08/1994,+34 882111210,M
2299,31/01/1963,+34 732341198,F
2300,27/11/1984,+34 974251797,M
2301,28/01/1965,+34 881556681,M
2302,11/11/1951,+34 848472333,F
2303,18/02/1959,+34 979918013,F
2304,27/12/1982,+34 820169612,F
2305,23/07/1992,+34 886372651,M
2306,12/12/2006,+34 718363466,F
2307,06/02/1953,+34 900251894,M
2308,16/05/1987,+34 718400068,F
2309,09/07/1977,+34 854357812,M
2310,13/12/1959,+34 855955020,F
2311,31/10/1997,+34 824041680,M
2312,22/10/1952,+34 828700617,M
2313,27/08/1951,+34 821916209,F
2314,12/04/1986,+34 823099070,F
2315,09/01/1974,+34 922714172,F
2316,27/06/1953,+34 983613732,F
2317,19/09/1996,+34 975274284,F
2318,13/06/1987,+34 956824009,M
2319,27/04/1986,+34 872711903,F
2320,23/03/1958,+34 949637313,F
2321,13/04/1992,+34 821337407,F
2322,10/05/1980,+34 824794146,M
2323,28/03/1954,+34 886220773,M
2324,06/05/2005,+34 842692940,M
2325,05/06/1991,+34 846749393,M
2326,21/12/1980,+34 901525826,F
2327,19/10/1976,+34 871923768,F
2328,09/01/1956,+34 984087773,F
2329,10/07/2003,+34 883458355,F
2330,07/08/1999,+34 847309876,M
2331,12/07/1977,+34 900640930,M
2332,15/04/1950,+34 845069960,F
2333,18/05/1990,+34 806820596,M
2334,23/12/1973,+34 842755289,F
2335,26/12/1957,+34 927068060,F
2336,28/02/1994,+34 878869634,F
2337,05/10/1951,+34 800485302,F
2338,10/10/1998,+34 882579379,F
2339,16/08/1949,+34 983559025,M
2340,29/10/1989,+34 958887030,F
2341,21/12/1953,+34 974266796,M
2342,15/09/2005,+34 949202789,M
2343,04/10/1985,+34 823309791,F
2344,07/09/1989,+34 807326166,M
2345,06/12/1950,+34 824017910,F
2346,12/11/1960,+34 928505929,M
2347,01/04/2003,+34 886935149,M
2348,13/10/1992,+34 984048432,F
2349,14/12/1982,+34 924769350,F
2350,13/05/1960,+34 871692357,M
2351,24/04/2002,+34 924910571,M
2352,15/02/1952,+34 849405612,M
2353,09/09/1994,+34 984808061,F
2354,27/09/1987,+34 825328890,M
2355,21/03/1990,+34 921524428,F
2356,17/07/1988,+34 977307885,M
2357,11/03/1976,+34 976916401,M
2358,09/12/2002,+34 806937592,M
2359,01/02/1955,+34 983959342,M
2360,23/10/1969,+34 872140408,F
2361,25/01/1987,+34 926652411,M
2362,10/01/1993,+34 811151400,F
2363,22/05/1971,+34 932693681,F
2364,14/10/1975,+34 878881165,M
2365,23/07/1970,+34 972605653,F
2366,19/09/1951,+34 977269567,F
2367,02/03/1966,+34 986440961,F
2368,06/09/1957,+34 981004555,M
2369,24/09/1985,+34 868380110,F
2370,24/07/1971,+34 803911568,F
2371,14/11/1971,+34 944080961,F
2372,05/10/1962,+34 877676096,F
2373,04/06/1973,+34 988635636,M
2374,02/06/1958,+34 880393408,F
2375,13/04/1952,+34 874821277,M
2376,02/12/1960,+34 878543841,M
2377,21/05/2002,+34 946997731,F
2378,18/01/1992,+34 811785026,F
2379,17/08/1995,+34 984570048,F
2380,14/09/1993,+34 976545125,M
2381,07/03/1984,+34 876919921,M
2382,23/09/2004,+34 920712531,F
2383,26/11/1954,+34 818828149,M
2384,08/07/1975,+34 928704767,F
2385,13/04/2002,+34 873205686,F
2386,21/11/2000,+34 878763210,M
2387,19/03/2002,+34 980423078,F
2388,13/11/1964,+34 871928839,F
2389,25/10/1957,+34 887931014,M
2390,09/09/1977,+34 879112612,M
2391,24/03/1971,+34 841345123,F
2392,27/06/1964,+34 880820454,F
2393,10/07/1993,+34 828334134,M
2394,13/09/1988,+34 944291778,M
2395,08/09/1972,+34 822039499,M
2396,05/10/1972,+34 984922616,M
2397,03/01/1973,+34 948151566,F
2398,14/04/1968,+34 947482892,M
2399,22/03/1950,+34 814920662,F
2400,02/09/1967,+34 882169882,F
2401,21/06/1976,+34 823118471,F
2402,18/04/1960,+34 814258743,M
2403,21/12/2000,+34 974122526,M
2404,27/06/1961,+34 876082949,M
2405,27/09/1951,+34 881485774,M
2406,05/12/1994,+34 871066820,F
2407,01/11/1967,+34 985863991,F
2408,19/06/1982,+34 902304503,M
2409,06/04/1961,+34 901800027,F
2410,04/04/1961,+34 975058259,F
2411,22/05/2002,+34 921456135,M
2412,31/03/1970,+34 983421982,F
2413,06/11/2005,+34 883157301,F
2414,25/12/1956,+34 843630778,F
2415,01/12/2002,+34 871638209,F
2416,10/02/1997,+34 949596577,M
2417,25/08/1986,+34 888980166,F
2418,20/04/1987,+34 862440487,M
2419,01/10/1979,+34 985221135,F
2420,31/12/1963,+34 983764869,M
2421,19/05/1974,+34 706916756,M
2422,30/03/1986,+34 828958315,F
2423,12/10/1973,+34 845037856,F
2424,28/09/1954,+34 902828415,F
2425,06/05/1953,+34 938723903,M
2426,19/07/1961,+34 746787239,M
2427,23/11/1998,+34 874200173,F
2428,19/06/2004,+34 987934047,M
2429,15/03/1999,+34 881029441,M
2430,07/10/1966,+34 879954813,F
2431,19/11/1960,+34 886354073,M
2432,10/12/1977,+34 701566721,M
2433,04/04/1956,+34 900348861,M
2434,12/01/1955,+34 741407657,F
2435,28/06/1963,+34 847518728,F
2436,09/06/1986,+34 847354363,M
2437,28/10/1993,+34 988282430,M
2438,05/11/1949,+34 924558719,M
2439,15/09/1979,+34 875917935,M
2440,13/01/1997,+34 871325362,M
2441,27/11/2006,+34 971432814,M
2442,26/03/1952,+34 942189044,M
2443,12/08/1982,+34 973630231,M
2444,03/07/1970,+34 851527849,M
2445,02/07/1953,+34 974829002,F
2446,21/10/1978,+34 887446998,M
2447,11/04/1953,+34 947863227,F
2448,23/09/2005,+34 952334198,M
2449,20/08/2000,+34 885524962,F
2450,06/09/1979,+34 886664987,F
2451,30/04/1992,+34 921021744,M
2452,13/01/1991,+34 921260345,F
2453,26/05/1973,+34 842047849,M
2454,29/12/2002,+34 826857106,F
2455,03/07/2003,+34 946022981,M
2456,19/08/1997,+34 947608664,F
2457,24/10/1995,+34 843826134,F
2458,15/04/1999,+34 725189797,M
2459,17/02/1967,+34 941800262,M
2460,30/07/1955,+34 874917768,M
2461,02/01/1988,+34 800553734,F
2462,26/09/2002,+34 824991972,F
2463,02/07/1969,+34 977079987,M
2464,13/04/1976,+34 920842556,M
2465,02/02/1979,+34 977227233,F
2466,28/03/1963,+34 920231378,F
2467,15/04/1961,+34 934977602,F
2468,29/05/2006,+34 825785914,M
2469,07/05/1950,+34 972331650,F
2470,20/07/1967,+34 945196963,M
2471,03/03/1966,+34 883951581,F
2472,02/04/1979,+34 976919774,F
2473,04/06/1988,+34 727642814,F
2474,23/02/2005,+34 978147094,F
2475,10/07/2005,+34 749581989,F
2476,14/01/1999,+34 888751354,M
2477,17/04/2004,+34 876227291,F
2478,12/10/1968,+34 820760035,F
2479,23/07/1970,+34 820865536,F
2480,16/11/1949,+34 821809570,M
2481,21/02/2001,+34 952028365,M
2482,08/06/1977,+34 871920721,F
2483,20/05/1986,+34 843770867,F
2484,26/10/1970,+34 827326360,M
2485,30/01/1972,+34 961491336,M
2486,02/02/1971,+34 842796358,F
2487,23/01/1980,+34 707329390,F
2488,19/05/1970,+34 921687199,M
2489,03/08/1962,+34 937590839,F
2490,18/10/1989,+34 902604228,M
2491,11/11/1961,+34 932928950,F
2492,28/10/1994,+34 946076005,F
2493,11/02/1984,+34 979257474,M
2494,27/07/1964,+34 901438975,M
2495,15/12/1979,+34 863751813,F
2496,02/05/1961,+34 944572156,M
2497,28/02/1964,+34 825611883,M
2498,16/11/1970,+34 977851092,F
2499,05/09/1966,+34 806883585,M
2500,24/04/1992,+34 939863955,F
2501,17/06/2004,+34 943678851,F
2502,10/09/2006,+34 975897032,F
2503,25/07/1990,+34 981710310,M
2504,20/07/2004,+34 848146569,M
2505,03/11/1967,+34 943476120,M
2506,24/03/1975,+34 879878024,F
2507,25/04/1967,+34 841579976,F
2508,04/10/1967,+34 932662658,F
2509,24/08/2003,+34 972500147,M
2510,12/08/1953,+34 841541473,M
2511,05/07/1979,+34 827255318,F
2512,25/04/1973,+34 927529128,F
2513,24/02/1988,+34 947724157,F
2514,14/07/1955,+34 823460228,M
2515,12/02/2005,+34 806765487,M
2516,09/12/1949,+34 972302725,F
2517,05/03/1995,+34 718003107,M
2518,13/01/1973,+34 726752315,F
2519,26/04/1974,+34 800801397,M
2520,03/08/2002,+34 986770705,M
2521,21/05/1987,+34 987674737,M
2522,27/11/1996,+34 944215142,F
2523,28/04/1978,+34 975493145,F
2524,20/02/1984,+34 923517402,F
2525,06/12/1991,+34 921795719,F
2526,14/10/2000,+34 987669325,M
2527,02/08/2005,+34 858810560,M
2528,17/09/1963,+34 876965880,M
2529,10/06/2005,+34 941409849,F
2530,09/11/2004,+34 803970722,F
2531,22/08/1976,+34 975189701,F
2532,06/12/2000,+34 871248993,M
2533,03/04/1978,+34 882486233,F
2534,24/08/1957,+34 748766978,F
2535,22/06/2002,+34 984315761,F
2536,15/08/1994,+34 800868216,M
2537,01/07/1983,+34 887081818,M
2538,12/11/2006,+34 825502569,F
2539,03/04/1953,+34 947494524,F
2540,22/07/1991,+34 842731636,M
2541,03/01/1951,+34 850651770,F
2542,26/10/1976,+34 976110845,M
2543,05/01/1993,+34 880966833,F
2544,23/02/1952,+34 946071340,F
2545,04/03/1954,+34 823519842,F
2546,11/09/1995,+34 980616364,M
2547,05/08/1991,+34 922938805,M
2548,12/02/1988,+34 986285125,M
2549,16/12/1971,+34 824152259,M
2550,06/02/1991,+34 949594051,M
2551,10/09/2006,+34 849177702,F
2552,11/02/2007,+34 926469882,F
2553,05/12/2005,+34 948396005,F
2554,08/11/2004,+34 946107565,F
2555,20/10/1974,+34 919668357,F
2556,03/12/1952,+34 852760780,M
2557,25/08/1954,+34 875225807,M
2558,03/02/2001,+34 926047290,F
2559,15/02/1953,+34 956097669,F
2560,15/05/1993,+34 942497336,M
2561,22/01/1994,+34 973247613,F
2562,07/10/1951,+34 981732013,F
2563,05/01/1962,+34 925498476,M
2564,28/08/1991,+34 806451955,F
2565,21/12/1991,+34 977369747,F
2566,20/10/1990,+34 979213939,F
2567,15/07/2006,+34 888947144,F
2568,13/11/2005,+34 973763232,M
2569,22/06/1959,+34 944269224,M
2570,26/12/1966,+34 975071670,F
2571,16/01/1959,+34 861344116,F
2572,08/03/1965,+34 920265073,M
2573,21/11/1951,+34 823327490,F
2574,18/03/1981,+34 722447304,F
2575,19/12/1967,+34 822211557,M
2576,14/10/1996,+34 846416055,M
2577,25/07/1968,+34 943031849,F
2578,18/12/1988,+34 957932980,F
2579,13/12/2004,+34 971550915,F
2580,01/10/1962,+34 882424969,M
2581,18/12/2005,+34 743674190,F
2582,21/03/1988,+34 928124181,M
2583,15/04/1972,+34 978052393,F
2584,25/03/1997,+34 828869787,M
2585,01/09/1990,+34 921213826,F
2586,20/12/2004,+34 842137930,M
2587,21/02/1972,+34 945929464,M
2588,22/07/2005,+34 849409765,M
2589,20/12/1982,+34 941485253,M
2590,03/04/1971,+34 942237818,F
2591,18/03/1963,+34 803699333,M
2592,20/12/1961,+34 945099669,M
2593,26/08/1989,+34 885394145,F
2594,25/04/1956,+34 922973747,F
2595,08/03/1980,+34 936250394,M
2596,02/01/1966,+34 819408015,F
2597,15/02/2007,+34 986155280,M
2598,21/07/1980,+34 731407755,F
2599,01/02/1987,+34 882533239,M
2600,25/02/1989,+34 819331955,F
2601,29/01/1989,+34 920767003,F
2602,03/12/1973,+34 821199757,M
2603,07/04/1952,+34 927444283,M
2604,29/11/1971,+34 803465157,F
2605,01/01/1965,+34 925822632,M
2606,29/04/1987,+34 977645079,F
2607,12/01/1993,+34 823675810,M
2608,06/03/1993,+34 885914950,M
2609,24/11/1958,+34 901255483,F
2610,08/07/1962,+34 849919942,M
2611,19/01/1981,+34 716818933,F
2612,19/08/1986,+34 823083767,M
2613,26/05/1992,+34 927351513,F
2614,02/09/1983,+34 860943291,F
2615,17/10/1955,+34 873615185,M
2616,12/03/1975,+34 724639127,M
2617,20/04/1960,+34 944588068,F
2618,26/08/1978,+34 879897018,M
2619,14/12/1984,+34 931372887,F
2620,13/11/1958,+34 943532862,M
2621,20/01/1984,+34 800989921,M
2622,04/05/1959,+34 614369711,M
2623,16/03/1983,+34 946310772,M
2624,16/05/1970,+34 937066139,F
2625,11/05/1971,+34 702237722,M
2626,26/01/1992,+34 974853147,M
2627,03/10/1950,+34 866817430,M
2628,06/03/1988,+34 949900154,F
2629,30/11/2003,+34 846875915,M
2630,08/11/1977,+34 986696347,F
2631,06/03/1972,+34 920191902,F
2632,03/11/1973,+34 845030719,F
2633,07/02/1991,+34 985458943,F
2634,24/08/1991,+34 919081557,M
2635,12/07/1966,+34 738078081,F
2636,12/03/1990,+34 982824726,M
2637,09/01/1982,+34 815727772,F
2638,15/03/1953,+34 921751090,M
2639,19/03/2000,+34 885101662,M
2640,03/09/1958,+34 887839884,F
2641,28/08/1979,+34 949167904,F
2642,23/09/1951,+34 886330893,M
2643,05/07/1963,+34 807659234,F
2644,21/09/1951,+34 985427209,M
2645,19/11/1969,+34 902982237,M
2646,29/10/1981,+34 877655590,M
2647,05/04/1995,+34 900861107,F
2648,06/05/1992,+34 846060670,M
2649,15/07/1962,+34 740396776,M
2650,11/06/1984,+34 884908968,M
2651,04/10/1975,+34 925787110,M
2652,12/03/1984,+34 880983359,F
2653,15/11/1966,+34 941047336,F
2654,29/10/1996,+34 737078907,F
2655,22/05/1970,+34 844918010,F
2656,08/06/1962,+34 901311609,M
2657,19/07/1984,+34 946165429,M
2658,16/02/2007,+34 849864713,F
2659,09/05/1993,+34 828645007,F
2660,08/06/1960,+34 949434373,F
2661,05/09/1990,+34 980689707,M
2662,07/07/1950,+34 984951739,F
2663,14/04/1989,+34 849400654,F
2664,01/06/1991,+34 842170918,M
2665,11/12/1965,+34 886376818,F
2666,02/12/1964,+34 876609765,M
2667,16/09/1973,+34 931057972,F
2668,11/07/1973,+34 982313232,M
2669,08/08/1950,+34 926595701,M
2670,15/04/1983,+34 884434596,F
2671,24/12/1960,+34 853622140,F
2672,14/01/1968,+34 901569844,M
2673,27/07/1973,+34 987355328,M
2674,19/10/1950,+34 982880621,M
2675,23/02/1977,+34 977464970,M
2676,11/07/1984,+34 887767570,M
2677,03/11/1993,+34 941702499,F
2678,15/05/1956,+34 657653642,F
2679,30/09/1995,+34 736995358,F
2680,04/01/2002,+34 886266767,F
2681,05/11/1963,+34 983312003,F
2682,10/02/2005,+34 826066666,M
2683,09/06/2003,+34 828657508,M
2684,20/05/2005,+34 827464829,M
2685,07/10/1991,+34 828619351,M
2686,28/10/1971,+34 944468135,F
2687,17/03/1953,+34 979074539,M
2688,23/06/1996,+34 826664132,M
2689,08/08/1955,+34 948645545,F
2690,10/12/1980,+34 920344553,F
2691,12/05/1993,+34 927168962,F
2692,11/03/1998,+34 845370708,F
2693,21/07/1986,+34 848861656,F
2694,29/05/1953,+34 826586623,M
2695,04/04/1986,+34 842304895,M
2696,10/05/2006,+34 841856715,F
2697,06/09/1966,+34 983772662,F
2698,21/12/1986,+34 928325106,M
2699,11/04/2005,+34 985812781,M
2700,02/11/1960,+34 720524708,M
2701,04/01/1995,+34 948490997,F
2702,30/08/1991,+34 800069893,F
2703,09/05/1971,+34 875304868,M
2704,21/10/1981,+34 844417863,M
2705,30/12/2003,+34 701165815,F
2706,21/10/1950,+34 886689353,F
2707,26/05/1963,+34 844465465,M
2708,08/12/1997,+34 941304851,M
2709,08/04/1999,+34 828187035,M
2710,03/09/1993,+34 872915194,F
2711,03/12/1997,+34 902781709,M
2712,29/12/1995,+34 921632131,F
2713,07/12/1988,+34 821341507,F
2714,23/01/1963,+34 873391267,F
2715,10/01/1978,+34 983088215,M
2716,23/01/1956,+34 921738820,F
2717,22/06/1962,+34 972667281,M
2718,06/12/1971,+34 980958872,M
2719,19/10/1985,+34 942064183,M
2720,30/10/1970,+34 949307710,M
2721,18/07/1991,+34 883800067,M
2722,14/06/1950,+34 986143340,M
2723,05/09/1980,+34 821187549,M
2724,17/06/1981,+34 800616628,M
2725,06/03/1996,+34 878004863,M
2726,03/06/1961,+34 975930327,M
2727,19/05/1969,+34 982254862,F
2728,08/01/1962,+34 844722891,M
2729,24/02/1952,+34 943658955,F
2730,27/03/1953,+34 886202099,F
2731,08/05/1994,+34 941424184,M
2732,01/07/1971,+34 972708656,F
2733,03/09/1965,+34 985768467,F
2734,27/07/1953,+34 944538118,F
2735,20/10/1960,+34 947769364,F
2736,01/12/1993,+34 900118467,M
2737,26/12/1968,+34 844572773,M
2738,10/08/1976,+34 941793984,M
2739,15/08/1997,+34 983781106,F
2740,29/12/1989,+34 942038931,F
2741,02/07/1949,+34 942722132,F
2742,08/12/1965,+34 988391702,M
2743,22/03/1981,+34 845357547,F
2744,21/06/2006,+34 821446433,F
2745,01/05/1979,+34 927920163,F
2746,02/11/1950,+34 966921432,F
2747,04/12/1996,+34 946684006,M
2748,03/08/1972,+34 873309453,M
2749,31/01/1980,+34 842697214,M
2750,25/09/1954,+34 925840960,F
2751,24/02/1974,+34 871693030,M
2752,06/02/2004,+34 920272828,M
2753,01/10/1966,+34 928126853,M
2754,02/03/1985,+34 926574576,M
2755,20/11/1999,+34 948089100,M
2756,07/02/1955,+34 877828966,M
2757,27/08/1969,+34 926938405,F
2758,01/08/1991,+34 922460493,M
2759,02/04/1979,+34 945853706,F
2760,18/09/1990,+34 823780139,F
2761,02/04/1983,+34 961617291,M
2762,24/03/1978,+34 718686936,F
2763,30/11/1998,+34 877234401,F
2764,25/01/1998,+34 919411724,M
2765,24/01/1994,+34 920464088,F
2766,05/02/2006,+34 945253548,F
2767,29/04/1951,+34 876291362,M
2768,03/07/1968,+34 875427557,F
2769,25/04/1960,+34 872199011,M
2770,06/03/1966,+34 742289609,M
2771,10/12/1990,+34 901869684,F
2772,05/03/1981,+34 824789372,F
2773,19/07/1969,+34 803694348,F
2774,14/08/1950,+34 823609710,M
2775,17/03/1990,+34 849980207,M
2776,15/07/1979,+34 873588749,F
2777,29/05/1952,+34 846695215,F
2778,02/11/1964,+34 878429023,F
2779,04/02/1999,+34 714602364,M
2780,20/04/1997,+34 849611244,F
2781,10/10/1950,+34 821860270,F
2782,07/10/1962,+34 955672276,M
2783,06/02/1953,+34 806837374,M
2784,22/06/1980,+34 981061645,M
2785,20/05/1998,+34 847595828,M
2786,25/02/1963,+34 884755450,F
2787,27/08/1960,+34 824004761,M
2788,08/08/2006,+34 843931178,F
2789,02/07/1956,+34 925477210,M
2790,11/04/1967,+34 979668487,F
2791,22/09/1960,+34 973181298,M
2792,07/10/1967,+34 726513144,F
2793,27/12/1949,+34 926251079,M
2794,27/11/2000,+34 845679016,F
2795,10/05/1995,+34 703881842,F
2796,12/10/1989,+34 704673706,F
2797,05/08/1986,+34 987948991,M
2798,19/04/1964,+34 920039409,F
2799,11/09/1980,+34 980465159,F
2800,13/01/1958,+34 828054348,M
2801,10/10/2005,+34 976374577,M
2802,09/10/1956,+34 877857951,F
2803,13/11/2004,+34 882187082,F
2804,08/01/1993,+34 611054223,M
2805,14/02/1978,+34 807534884,F
2806,21/08/1968,+34 943912801,M
2807,15/02/1966,+34 876379591,M
2808,14/04/1976,+34 948847120,M
2809,08/06/1967,+34 828752440,M
2810,26/03/1963,+34 983148088,M
2811,22/11/2005,+34 822943133,F
2812,22/10/1972,+34 943164389,F
2813,20/06/1962,+34 827946134,F
2814,03/04/1976,+34 826635642,M
2815,27/12/1996,+34 875966891,M
2816,04/02/1972,+34 900129251,M
2817,29/09/1980,+34 827196616,F
2818,19/09/1952,+34 848912940,F
2819,30/07/2000,+34 880920844,M
2820,22/04/1995,+34 864029515,F
2821,26/09/1971,+34 888580148,M
2822,07/07/1974,+34 806790465,M
2823,02/11/1958,+34 922183441,F
2824,06/11/1972,+34 888047472,F
2825,12/11/1949,+34 873538360,M
2826,02/01/1994,+34 846342866,F
2827,13/03/1976,+34 948015961,F
2828,21/12/1954,+34 976785276,M
2829,20/08/1969,+34 986618595,F
2830,29/06/1971,+34 876929267,F
2831,18/01/2006,+34 975079178,M
2832,02/04/1976,+34 925682373,F
2833,08/05/1993,+34 955125583,M
2834,04/08/1983,+34 871164129,F
2835,09/11/1993,+34 875421257,F
2836,27/05/1965,+34 900178732,M
2837,26/04/1959,+34 878274973,M
2838,30/09/1996,+34 974902877,M
2839,22/02/1991,+34 900096901,M
2840,08/01/1960,+34 740214777,M
2841,20/08/1965,+34 976439807,M
2842,03/04/1987,+34 926146872,M
2843,28/08/1953,+34 883777759,F
2844,12/08/2004,+34 944908894,F
2845,12/04/1952,+34 943582895,F
2846,16/03/1991,+34 971900470,F
2847,05/01/1960,+34 974093111,F
2848,04/02/1987,+34 826385152,M
2849,15/12/1962,+34 963456163,M
2850,15/01/1984,+34 947925868,F
2851,20/11/1962,+34 886674396,M
2852,26/02/1989,+34 810986807,M
2853,31/10/1987,+34 977431892,M
2854,26/04/1968,+34 848024100,F
2855,02/07/2001,+34 873288531,F
2856,21/07/1963,+34 901913900,M
2857,16/10/1954,+34 812317605,F
2858,01/11/1998,+34 971355826,M
2859,15/02/1994,+34 943274193,F
2860,11/01/1954,+34 923303259,F
2861,15/09/1980,+34 849571784,M
2862,28/10/1980,+34 887281102,F
2863,20/02/2004,+34 826842110,F
2864,12/01/2005,+34 884150729,M
2865,18/01/1996,+34 943843742,M
2866,21/01/1996,+34 973559848,F
2867,24/08/1993,+34 719694270,M
2868,17/01/1996,+34 845854723,F
2869,10/11/1967,+34 848273600,M
2870,06/07/1990,+34 958833617,M
2871,20/11/2002,+34 963129214,M
2872,29/07/1997,+34 827116195,F
2873,27/10/1968,+34 921709044,M
2874,21/06/1973,+34 902123382,M
2875,17/04/2001,+34 887128186,M
2876,26/09/1971,+34 986035678,F
2877,17/11/1970,+34 954971370,M
2878,22/09/1982,+34 926360963,M
2879,02/11/1979,+34 927179037,M
2880,19/10/1953,+34 827941714,F
2881,18/11/1995,+34 878298051,F
2882,09/12/1997,+34 926072118,M
2883,08/10/1998,+34 845530717,M
2884,01/09/1998,+34 947253242,F
2885,11/10/1991,+34 976329804,M
2886,13/09/1967,+34 922722270,F
2887,18/09/1958,+34 737590195,M
2888,13/09/1995,+34 836258424,M
2889,06/09/1984,+34 866781852,F
2890,03/01/1955,+34 977421072,F
2891,14/07/1974,+34 707299470,M
2892,09/04/1974,+34 827762706,M
2893,24/10/1973,+34 978840031,F
2894,21/04/1974,+34 846701370,F
2895,26/05/1984,+34 987691768,F
2896,18/05/1983,+34 972289277,M
2897,10/01/2005,+34 901306059,M
2898,29/09/1960,+34 980132914,F
2899,01/12/1956,+34 859288752,M
2900,26/12/1985,+34 707044965,M
2901,02/11/1999,+34 980927930,M
2902,06/10/1973,+34 739964361,M
2903,06/11/1971,+34 877803972,F
2904,31/03/1966,+34 880303708,F
2905,01/06/1986,+34 985042565,F
2906,11/05/2005,+34 923187446,M
2907,04/03/1951,+34 826191603,M
2908,22/12/1966,+34 823398027,M
2909,17/01/1956,+34 979930499,M
2910,11/02/2003,+34 821155199,M
2911,08/08/1980,+34 877624951,M
2912,25/07/2003,+34 977741586,M
2913,07/04/1951,+34 877451987,M
2914,06/07/1954,+34 973624640,F
2915,11/07/1969,+34 921754835,M
2916,12/03/1979,+34 856521535,M
2917,16/02/1953,+34 944171623,M
2918,27/06/1993,+34 963079546,M
2919,13/12/1966,+34 825152926,F
2920,24/04/1995,+34 924218976,F
2921,28/03/1976,+34 845111417,F
2922,21/10/1975,+34 807112631,M
2923,24/12/1963,+34 878053451,M
2924,27/07/1996,+34 871373299,F
2925,28/02/1968,+34 826516434,M
2926,05/05/1977,+34 980610474,F
2927,13/05/1969,+34 848439721,F
2928,28/03/2006,+34 910653862,F
2929,04/04/1996,+34 983071963,F
2930,12/04/1956,+34 844611998,M
2931,17/12/1977,+34 886009683,F
2932,21/12/1970,+34 748652101,F
2933,04/11/1952,+34 980742378,M
2934,03/03/1986,+34 971567514,M
2935,06/09/1950,+34 827486136,M
2936,27/04/1952,+34 841000805,M
2937,02/02/2000,+34 945241375,F
2938,29/07/2004,+34 971729963,F
2939,28/09/1949,+34 823284019,M
2940,19/10/1994,+34 920107494,M
2941,30/08/1970,+34 926265188,F
2942,12/12/2003,+34 828332785,M
2943,23/02/2006,+34 700511929,M
2944,06/08/1959,+34 848185006,M
2945,15/06/1986,+34 985323699,M
2946,03/07/1971,+34 806007757,M
2947,09/03/2001,+34 887029003,F
2948,14/01/1973,+34 880010234,M
2949,06/07/1992,+34 880597879,F
2950,24/02/1954,+34 827428719,F
2951,30/12/1952,+34 973821961,F
2952,25/02/1972,+34 710127909,M
2953,23/03/1987,+34 969289240,F
2954,19/09/1970,+34 947240869,M
2955,11/08/2003,+34 827579927,M
2956,02/07/1985,+34 843044217,F
2957,26/05/1977,+34 875022429,M
2958,20/10/1964,+34 987130220,M
2959,29/04/1999,+34 824607221,F
2960,01/05/1968,+34 921513318,F
2961,06/07/1976,+34 847156040,F
2962,28/11/1969,+34 943855795,M
2963,05/09/1958,+34 871290220,M
2964,07/07/1994,+34 680415549,F
2965,06/12/1998,+34 972312345,M
2966,17/06/1963,+34 887594871,F
2967,06/08/1953,+34 937583906,M
2968,19/11/2006,+34 944804192,M
2969,20/10/1996,+34 947933319,F
2970,04/01/1965,+34 973196277,F
2971,18/10/1976,+34 983474471,F
2972,16/05/2004,+34 872022547,F
2973,19/03/1965,+34 864008073,F
2974,30/12/1956,+34 971362255,F
2975,25/10/1993,+34 885875941,M
2976,13/05/1971,+34 920669732,M
2977,12/11/1989,+34 974958458,F
2978,29/11/2006,+34 948520013,M
2979,16/12/2001,+34 803583026,F
2980,30/11/1999,+34 975236443,F
2981,26/01/1982,+34 885978598,M
2982,05/10/2003,+34 887027234,M
2983,18/02/1992,+34 823873990,F
2984,19/02/1962,+34 900234928,F
2985,10/05/1958,+34 902591925,F
2986,18/08/1997,+34 746721571,F
2987,07/08/1990,+34 826168539,F
2988,27/07/1986,+34 978156784,F
2989,28/06/1965,+34 819771401,M
2990,15/09/2000,+34 975347861,F
2991,17/03/2006,+34 921561324,F
2992,20/06/1950,+34 828017960,F
2993,21/11/1985,+34 901488587,F
2994,18/12/1965,+34 806068621,M
2995,14/11/1959,+34 948327512,M
2996,22/06/1975,+34 875076099,F
2997,16/05/1981,+34 882459800,M
2998,01/05/1988,+34 902627195,M
2999,27/06/1952,+34 887577959,M
3000,23/05/2004,+34 821828496,M
